competition,role,judge
fc2025SEG001OF,Judge No.1,Jung Sue LEE
fc2025SEG001OF,Judge No.2,Ariadna MORONES NEGRETE
fc2025SEG001OF,Judge No.3,Saodat NUMANOVA
fc2025SEG001OF,Judge No.4,Joanna MILLER
fc2025SEG001OF,Judge No.5,Mami MAEDA
fc2025SEG001OF,Judge No.6,Nadezhda PARETSKAIA
fc2025SEG001OF,Judge No.7,Rui ZHAO
fc2025SEG001OF,Judge No.8,Andre-Marc ALLAIN
fc2025SEG001OF,Judge No.9,Steven HSU
fc2025SEG002OF,Judge No.1,Rui ZHAO
fc2025SEG002OF,Judge No.2,Andre-Marc ALLAIN
fc2025SEG002OF,Judge No.3,Saodat NUMANOVA
fc2025SEG002OF,Judge No.4,Nadezhda PARETSKAIA
fc2025SEG002OF,Judge No.5,Jung Sue LEE
fc2025SEG002OF,Judge No.6,Joanna MILLER
fc2025SEG002OF,Judge No.7,Steven HSU
fc2025SEG002OF,Judge No.8,Mami MAEDA
fc2025SEG002OF,Judge No.9,Ariadna MORONES NEGRETE
fc2025SEG003OF,Judge No.1,Weiguang CHEN
fc2025SEG003OF,Judge No.2,Nobuhiko YOSHIOKA
fc2025SEG003OF,Judge No.3,Neil GARRARD
fc2025SEG003OF,Judge No.4,Sung Hee KOH
fc2025SEG003OF,Judge No.5,Anne CAMMETT
fc2025SEG003OF,Judge No.6,Elizabeth ALEXANDRE
fc2025SEG003OF,Judge No.7,Marina BESCHEA
fc2025SEG003OF,Judge No.8,Sasha MARTINEZ
fc2025SEG003OF,Judge No.9,Jeff LUKASIK
fc2025SEG004OF,Judge No.1,Weiguang CHEN
fc2025SEG004OF,Judge No.2,Neil GARRARD
fc2025SEG004OF,Judge No.3,Jeff LUKASIK
fc2025SEG004OF,Judge No.4,Nobuhiko YOSHIOKA
fc2025SEG004OF,Judge No.5,Elizabeth ALEXANDRE
fc2025SEG004OF,Judge No.6,Anne CAMMETT
fc2025SEG004OF,Judge No.7,Sung Hee KOH
fc2025SEG004OF,Judge No.8,Sasha MARTINEZ
fc2025SEG004OF,Judge No.9,Marina BESCHEA
ec2025SEG001OF,Judge No.1,Ludwig CZOCZEK
ec2025SEG001OF,Judge No.2,Marjo KANKAANRANTA
ec2025SEG001OF,Judge No.3,Salome CHIGOGIDZE
ec2025SEG001OF,Judge No.4,Agnieszka SWIDERSKA
ec2025SEG001OF,Judge No.5,Andrea SIMANCIKOVA
ec2025SEG001OF,Judge No.6,Ebru ANILDI
ec2025SEG001OF,Judge No.7,Agita ABELE
ec2025SEG001OF,Judge No.8,Daniel DELFA
ec2025SEG001OF,Judge No.9,Vera TAUCHMANOVA
ec2025SEG002OF,Judge No.1,Karin EHRHARDT
ec2025SEG002OF,Judge No.2,Vera TAUCHMANOVA
ec2025SEG002OF,Judge No.3,Ludwig CZOCZEK
ec2025SEG002OF,Judge No.4,Marco BUTTARELLI
ec2025SEG002OF,Judge No.5,Andrea SIMANCIKOVA
ec2025SEG002OF,Judge No.6,Salome CHIGOGIDZE
ec2025SEG002OF,Judge No.7,Kadi ZVIRIK
ec2025SEG002OF,Judge No.8,Agnieszka SWIDERSKA
ec2025SEG002OF,Judge No.9,Vessela POPOVA
ec2025SEG003OF,Judge No.1,Tatiana YORDANOVA
ec2025SEG003OF,Judge No.2,Karolina MATESA
ec2025SEG003OF,Judge No.3,Tarja RISTANEN
ec2025SEG003OF,Judge No.4,Milica LJUJIC
ec2025SEG003OF,Judge No.5,Katharina HEUSINGER
ec2025SEG003OF,Judge No.6,Florence VUYLSTEKER
ec2025SEG003OF,Judge No.7,Alice WALDER
ec2025SEG003OF,Judge No.8,Kari-Anne OLSEN
ec2025SEG003OF,Judge No.9,Breda MARINSEK
ec2025SEG004OF,Judge No.1,Tatiana YORDANOVA
ec2025SEG004OF,Judge No.2,Alice WALDER
ec2025SEG004OF,Judge No.3,Anna KANTOR
ec2025SEG004OF,Judge No.4,Karolina MATESA
ec2025SEG004OF,Judge No.5,Florence VUYLSTEKER
ec2025SEG004OF,Judge No.6,Tiziana MORANDI
ec2025SEG004OF,Judge No.7,Jitka MOKRA
ec2025SEG004OF,Judge No.8,Katharina HEUSINGER
ec2025SEG004OF,Judge No.9,Breda MARINSEK
wc2025SEG001OF,Judge No.1,Feng HUANG
wc2025SEG001OF,Judge No.2,Josip CEROVAC
wc2025SEG001OF,Judge No.3,Anu NIINIRANTA
wc2025SEG001OF,Judge No.4,Anna KANTOR
wc2025SEG001OF,Judge No.5,Anthony LEROY
wc2025SEG001OF,Judge No.6,Tatiana YORDANOVA
wc2025SEG001OF,Judge No.7,Claire SHEPHERD
wc2025SEG001OF,Judge No.8,Kadi ZVIRIK
wc2025SEG001OF,Judge No.9,Laila DAVIDSSON
wc2025SEG002OF,Judge No.1,Josip CEROVAC
wc2025SEG002OF,Judge No.2,Akos PETHES
wc2025SEG002OF,Judge No.3,Anna KANTOR
wc2025SEG002OF,Judge No.4,Elke TREITZ
wc2025SEG002OF,Judge No.5,Anu NIINIRANTA
wc2025SEG002OF,Judge No.6,Stanislava SMIDOVA
wc2025SEG002OF,Judge No.7,Claire SHEPHERD
wc2025SEG002OF,Judge No.8,Kadi ZVIRIK
wc2025SEG002OF,Judge No.9,Agita ABELE
wc2025SEG003OF,Judge No.1,Albert ZAYDMAN
wc2025SEG003OF,Judge No.2,Hedviga FIALKOVA
wc2025SEG003OF,Judge No.3,Miroslav MISUREC
wc2025SEG003OF,Judge No.4,Florence VUYLSTEKER
wc2025SEG003OF,Judge No.5,Hege Rosto JENSEN
wc2025SEG003OF,Judge No.6,Prisca BINZ-MOSER
wc2025SEG003OF,Judge No.7,Ritsuko HORIUCHI
wc2025SEG003OF,Judge No.8,Massimo ORLANDINI
wc2025SEG003OF,Judge No.9,Marina BESCHEA
wc2025SEG004OF,Judge No.1,Katarina HENRIKSSON
wc2025SEG004OF,Judge No.2,Miroslav MISUREC
wc2025SEG004OF,Judge No.3,Massimo ORLANDINI
wc2025SEG004OF,Judge No.4,Prisca BINZ-MOSER
wc2025SEG004OF,Judge No.5,Ritsuko HORIUCHI
wc2025SEG004OF,Judge No.6,Francoise de RAPPARD
wc2025SEG004OF,Judge No.7,Robert ROSENBLUTH
wc2025SEG004OF,Judge No.8,Aniela HEBEL-SZMAK
wc2025SEG004OF,Judge No.9,Florence VUYLSTEKER
gpusa2024SEG001OF,Judge No.1,Agita ABELE
gpusa2024SEG001OF,Judge No.2,Sasha MARTINEZ
gpusa2024SEG001OF,Judge No.3,Patty KLEIN
gpusa2024SEG001OF,Judge No.4,Katalin BALCZO
gpusa2024SEG001OF,Judge No.5,Anita BERNASCONI
gpusa2024SEG001OF,Judge No.6,Kevin ROSENSTEIN
gpusa2024SEG001OF,Judge No.7,Yulia LEVSHUNOVA
gpusa2024SEG001OF,Judge No.8,Richard KOSINA
gpusa2024SEG001OF,Judge No.9,Veronique VERRUE
gpusa2024SEG002OF,Judge No.1,Agita ABELE
gpusa2024SEG002OF,Judge No.2,Sasha MARTINEZ
gpusa2024SEG002OF,Judge No.3,Patty KLEIN
gpusa2024SEG002OF,Judge No.4,Katalin BALCZO
gpusa2024SEG002OF,Judge No.5,Anita BERNASCONI
gpusa2024SEG002OF,Judge No.6,Kevin ROSENSTEIN
gpusa2024SEG002OF,Judge No.7,Yulia LEVSHUNOVA
gpusa2024SEG002OF,Judge No.8,Richard KOSINA
gpusa2024SEG002OF,Judge No.9,Veronique VERRUE
gpusa2024SEG003OF,Judge No.1,Tetsuo ABE
gpusa2024SEG003OF,Judge No.2,Chihee RHEE
gpusa2024SEG003OF,Judge No.3,Kathaleen CUTONE
gpusa2024SEG003OF,Judge No.4,Antony GREVISSE
gpusa2024SEG003OF,Judge No.5,Claudia STAHNKE
gpusa2024SEG003OF,Judge No.6,Agita ABELE
gpusa2024SEG003OF,Judge No.7,Anita BERNASCONI
gpusa2024SEG003OF,Judge No.8,Saara EHALT
gpusa2024SEG003OF,Judge No.9,Veronique VERRUE
gpusa2024SEG004OF,Judge No.1,Tetsuo ABE
gpusa2024SEG004OF,Judge No.2,Chihee RHEE
gpusa2024SEG004OF,Judge No.3,Kathaleen CUTONE
gpusa2024SEG004OF,Judge No.4,Antony GREVISSE
gpusa2024SEG004OF,Judge No.5,Claudia STAHNKE
gpusa2024SEG004OF,Judge No.6,Agita ABELE
gpusa2024SEG004OF,Judge No.7,Anita BERNASCONI
gpusa2024SEG004OF,Judge No.8,Saara EHALT
gpusa2024SEG004OF,Judge No.9,Veronique VERRUE
gpcan2024SEG001OF,Judge No.1,Florence VUYLSTEKER
gpcan2024SEG001OF,Judge No.2,Yury KLIUSHNIKOV
gpcan2024SEG001OF,Judge No.3,Yoko KUNO
gpcan2024SEG001OF,Judge No.4,Robert ROSENBLUTH
gpcan2024SEG001OF,Judge No.5,Nadezhda PARETSKAIA
gpcan2024SEG001OF,Judge No.6,Peter VOTH
gpcan2024SEG001OF,Judge No.7,Deborah ISLAM
gpcan2024SEG001OF,Judge No.8,Virginia de AGOSTINI
gpcan2024SEG001OF,Judge No.9,Angelique CLYDE-SMITH
gpcan2024SEG002OF,Judge No.1,Florence VUYLSTEKER
gpcan2024SEG002OF,Judge No.2,Yury KLIUSHNIKOV
gpcan2024SEG002OF,Judge No.3,Yoko KUNO
gpcan2024SEG002OF,Judge No.4,Robert ROSENBLUTH
gpcan2024SEG002OF,Judge No.5,Nadezhda PARETSKAIA
gpcan2024SEG002OF,Judge No.6,Peter VOTH
gpcan2024SEG002OF,Judge No.7,Deborah ISLAM
gpcan2024SEG002OF,Judge No.8,Virginia de AGOSTINI
gpcan2024SEG002OF,Judge No.9,Angelique CLYDE-SMITH
gpcan2024SEG003OF,Judge No.1,Aniela HEBEL-SZMAK
gpcan2024SEG003OF,Judge No.2,Florence VUYLSTEKER
gpcan2024SEG003OF,Judge No.3,Karen HOWARD
gpcan2024SEG003OF,Judge No.4,Zuzana PLESNIKOVA
gpcan2024SEG003OF,Judge No.5,Daniella KARSIJNS
gpcan2024SEG003OF,Judge No.6,Nadezhda PARETSKAIA
gpcan2024SEG003OF,Judge No.7,Yoko KUNO
gpcan2024SEG003OF,Judge No.8,Donatella LEONELLI
gpcan2024SEG003OF,Judge No.9,Robert ROSENBLUTH
gpcan2024SEG004OF,Judge No.1,Aniela HEBEL-SZMAK
gpcan2024SEG004OF,Judge No.2,Florence VUYLSTEKER
gpcan2024SEG004OF,Judge No.3,Karen HOWARD
gpcan2024SEG004OF,Judge No.4,Zuzana PLESNIKOVA
gpcan2024SEG004OF,Judge No.5,Daniella KARSIJNS
gpcan2024SEG004OF,Judge No.6,Nadezhda PARETSKAIA
gpcan2024SEG004OF,Judge No.7,Yoko KUNO
gpcan2024SEG004OF,Judge No.8,Donatella LEONELLI
gpcan2024SEG004OF,Judge No.9,Robert ROSENBLUTH
gpfra2024SEG001OF,Judge No.1,Makoto KANO
gpfra2024SEG001OF,Judge No.2,Regina SHAMSHILOVA
gpfra2024SEG001OF,Judge No.3,Jelena GALIMOVA
gpfra2024SEG001OF,Judge No.4,Hailan JIANG
gpfra2024SEG001OF,Judge No.5,Bettina MEIER
gpfra2024SEG001OF,Judge No.6,Gloria MORANDI
gpfra2024SEG001OF,Judge No.7,Leslie KEEN
gpfra2024SEG001OF,Judge No.8,Anthony LEROY
gpfra2024SEG001OF,Judge No.9,Stefanie MATHEWSON
gpfra2024SEG002OF,Judge No.1,Makoto KANO
gpfra2024SEG002OF,Judge No.2,Regina SHAMSHILOVA
gpfra2024SEG002OF,Judge No.3,Jelena GALIMOVA
gpfra2024SEG002OF,Judge No.4,Hailan JIANG
gpfra2024SEG002OF,Judge No.5,Bettina MEIER
gpfra2024SEG002OF,Judge No.6,Gloria MORANDI
gpfra2024SEG002OF,Judge No.7,Leslie KEEN
gpfra2024SEG002OF,Judge No.8,Anthony LEROY
gpfra2024SEG002OF,Judge No.9,Stefanie MATHEWSON
gpfra2024SEG003OF,Judge No.1,Stefanie MATHEWSON
gpfra2024SEG003OF,Judge No.2,Makoto KANO
gpfra2024SEG003OF,Judge No.3,Kyung Won SAKONG
gpfra2024SEG003OF,Judge No.4,Albert SAADI
gpfra2024SEG003OF,Judge No.5,Erica TOPOLSKI
gpfra2024SEG003OF,Judge No.6,Ludwig CZOCZEK
gpfra2024SEG003OF,Judge No.7,Francoise de RAPPARD
gpfra2024SEG003OF,Judge No.8,Isabelle PEROLINI
gpfra2024SEG003OF,Judge No.9,Bettina MEIER
gpfra2024SEG004OF,Judge No.1,Stefanie MATHEWSON
gpfra2024SEG004OF,Judge No.2,Makoto KANO
gpfra2024SEG004OF,Judge No.3,Kyung Won SAKONG
gpfra2024SEG004OF,Judge No.4,Albert SAADI
gpfra2024SEG004OF,Judge No.5,Erica TOPOLSKI
gpfra2024SEG004OF,Judge No.6,Ludwig CZOCZEK
gpfra2024SEG004OF,Judge No.7,Francoise de RAPPARD
gpfra2024SEG004OF,Judge No.8,Isabelle PEROLINI
gpfra2024SEG004OF,Judge No.9,Bettina MEIER
gpfin2024SEG001OF,Judge No.1,Raffaella LOCATELLI
gpfin2024SEG001OF,Judge No.2,So Young AN
gpfin2024SEG001OF,Judge No.3,Jelena GALIMOVA
gpfin2024SEG001OF,Judge No.4,Anu NIINIRANTA
gpfin2024SEG001OF,Judge No.5,Ritsuko HORIUCHI
gpfin2024SEG001OF,Judge No.6,Anthony LEROY
gpfin2024SEG001OF,Judge No.7,Kristina LUNDGREN
gpfin2024SEG001OF,Judge No.8,Christine BLANC
gpfin2024SEG001OF,Judge No.9,Magdalena RUSIECKA
gpfin2024SEG002OF,Judge No.1,Raffaella LOCATELLI
gpfin2024SEG002OF,Judge No.2,So Young AN
gpfin2024SEG002OF,Judge No.3,Jelena GALIMOVA
gpfin2024SEG002OF,Judge No.4,Anu NIINIRANTA
gpfin2024SEG002OF,Judge No.5,Ritsuko HORIUCHI
gpfin2024SEG002OF,Judge No.6,Anthony LEROY
gpfin2024SEG002OF,Judge No.7,Kristina LUNDGREN
gpfin2024SEG002OF,Judge No.8,Christine BLANC
gpfin2024SEG002OF,Judge No.9,Magdalena RUSIECKA
gpfin2024SEG003OF,Judge No.1,Marjo KANKAANRANTA
gpfin2024SEG003OF,Judge No.2,Ann MUESING
gpfin2024SEG003OF,Judge No.3,Kristina LUNDGREN
gpfin2024SEG003OF,Judge No.4,Jelena GALIMOVA
gpfin2024SEG003OF,Judge No.5,So Young AN
gpfin2024SEG003OF,Judge No.6,Ritsuko HORIUCHI
gpfin2024SEG003OF,Judge No.7,Anthony LEROY
gpfin2024SEG003OF,Judge No.8,Noemi STIPKOVITS
gpfin2024SEG003OF,Judge No.9,Vera TAUCHMANOVA
gpfin2024SEG004OF,Judge No.1,Marjo KANKAANRANTA
gpfin2024SEG004OF,Judge No.2,Ann MUESING
gpfin2024SEG004OF,Judge No.3,Kristina LUNDGREN
gpfin2024SEG004OF,Judge No.4,Jelena GALIMOVA
gpfin2024SEG004OF,Judge No.5,So Young AN
gpfin2024SEG004OF,Judge No.6,Ritsuko HORIUCHI
gpfin2024SEG004OF,Judge No.7,Anthony LEROY
gpfin2024SEG004OF,Judge No.8,Noemi STIPKOVITS
gpfin2024SEG004OF,Judge No.9,Vera TAUCHMANOVA
gpchn2024SEG001OF,Judge No.1,Carmen LAUN
gpchn2024SEG001OF,Judge No.2,Soo Kyung LEE
gpchn2024SEG001OF,Judge No.3,Fan YANG
gpchn2024SEG001OF,Judge No.4,Nadezhda PARETSKAIA
gpchn2024SEG001OF,Judge No.5,Walter TOIGO
gpchn2024SEG001OF,Judge No.6,Reaghan FORTIN
gpchn2024SEG001OF,Judge No.7,Melanie PRAGUE
gpchn2024SEG001OF,Judge No.8,Ayako SHIMODE
gpchn2024SEG001OF,Judge No.9,Irina KOMARNICKA
gpchn2024SEG002OF,Judge No.1,Carmen LAUN
gpchn2024SEG002OF,Judge No.2,Soo Kyung LEE
gpchn2024SEG002OF,Judge No.3,Fan YANG
gpchn2024SEG002OF,Judge No.4,Nadezhda PARETSKAIA
gpchn2024SEG002OF,Judge No.5,Walter TOIGO
gpchn2024SEG002OF,Judge No.6,Reaghan FORTIN
gpchn2024SEG002OF,Judge No.7,Melanie PRAGUE
gpchn2024SEG002OF,Judge No.8,Ayako SHIMODE
gpchn2024SEG002OF,Judge No.9,Irina KOMARNICKA
gpchn2024SEG003OF,Judge No.1,Hui LIU
gpchn2024SEG003OF,Judge No.2,Carmen LAUN
gpchn2024SEG003OF,Judge No.3,Massimo ORLANDINI
gpchn2024SEG003OF,Judge No.4,Albert ZAYDMAN
gpchn2024SEG003OF,Judge No.5,Soo Kyung LEE
gpchn2024SEG003OF,Judge No.6,Deborah CURRIE
gpchn2024SEG003OF,Judge No.7,Prisca BINZ-MOSER
gpchn2024SEG003OF,Judge No.8,Limin JAO
gpchn2024SEG003OF,Judge No.9,Ayako SHIMODE
gpchn2024SEG004OF,Judge No.1,Hui LIU
gpchn2024SEG004OF,Judge No.2,Carmen LAUN
gpchn2024SEG004OF,Judge No.3,Massimo ORLANDINI
gpchn2024SEG004OF,Judge No.4,Albert ZAYDMAN
gpchn2024SEG004OF,Judge No.5,Soo Kyung LEE
gpchn2024SEG004OF,Judge No.6,Deborah CURRIE
gpchn2024SEG004OF,Judge No.7,Prisca BINZ-MOSER
gpchn2024SEG004OF,Judge No.8,Limin JAO
gpchn2024SEG004OF,Judge No.9,Ayako SHIMODE
gpf2024SEG001OF,Judge No.1,Peggy GRAHAM
gpf2024SEG001OF,Judge No.2,Susan PETRICEVIC
gpf2024SEG001OF,Judge No.3,Hedviga FIALKOVA
gpf2024SEG001OF,Judge No.4,Raffaella LOCATELLI
gpf2024SEG001OF,Judge No.5,Elke TREITZ
gpf2024SEG001OF,Judge No.6,Pia ALHONEN
gpf2024SEG001OF,Judge No.7,Ayumi ONO
gpf2024SEG001OF,Judge No.8,Jung Sue LEE
gpf2024SEG001OF,Judge No.9,Philippe MERIGUET
gpf2024SEG002OF,Judge No.1,Peggy GRAHAM
gpf2024SEG002OF,Judge No.2,Susan PETRICEVIC
gpf2024SEG002OF,Judge No.3,Hedviga FIALKOVA
gpf2024SEG002OF,Judge No.4,Raffaella LOCATELLI
gpf2024SEG002OF,Judge No.5,Elke TREITZ
gpf2024SEG002OF,Judge No.6,Pia ALHONEN
gpf2024SEG002OF,Judge No.7,Ayumi ONO
gpf2024SEG002OF,Judge No.8,Jung Sue LEE
gpf2024SEG002OF,Judge No.9,Philippe MERIGUET
gpf2024SEG003OF,Judge No.1,Hedviga FIALKOVA
gpf2024SEG003OF,Judge No.2,Jung Sue LEE
gpf2024SEG003OF,Judge No.3,Yu WANG
gpf2024SEG003OF,Judge No.4,Melanie PRAGUE
gpf2024SEG003OF,Judge No.5,Yuko OGAWA
gpf2024SEG003OF,Judge No.6,Andrea DERBY
gpf2024SEG003OF,Judge No.7,Iryna MEDVEDIEVA
gpf2024SEG003OF,Judge No.8,Stefanie MATHEWSON
gpf2024SEG003OF,Judge No.9,Pia ALHONEN
gpf2024SEG004OF,Judge No.1,Hedviga FIALKOVA
gpf2024SEG004OF,Judge No.2,Jung Sue LEE
gpf2024SEG004OF,Judge No.3,Yu WANG
gpf2024SEG004OF,Judge No.4,Melanie PRAGUE
gpf2024SEG004OF,Judge No.5,Yuko OGAWA
gpf2024SEG004OF,Judge No.6,Andrea DERBY
gpf2024SEG004OF,Judge No.7,Iryna MEDVEDIEVA
gpf2024SEG004OF,Judge No.8,Stefanie MATHEWSON
gpf2024SEG004OF,Judge No.9,Pia ALHONEN
fc2024SEG001OF,Judge No.1,Karen HOWARD
fc2024SEG001OF,Judge No.2,Ariadna MORONES NEGRETE
fc2024SEG001OF,Judge No.3,Peggy GRAHAM
fc2024SEG001OF,Judge No.4,Claudia BRAMBATI
fc2024SEG001OF,Judge No.5,Ayumi ONO
fc2024SEG001OF,Judge No.6,Edward Ka-Yin CHOW
fc2024SEG001OF,Judge No.7,Dan FANG
fc2024SEG001OF,Judge No.8,Katherine Evelyn du PREEZ
fc2024SEG001OF,Judge No.9,Margery HILKO
fc2024SEG002OF,Judge No.1,Ariadna MORONES NEGRETE
fc2024SEG002OF,Judge No.2,Claudia BRAMBATI
fc2024SEG002OF,Judge No.3,Karen HOWARD
fc2024SEG002OF,Judge No.4,Katherine Evelyn du PREEZ
fc2024SEG002OF,Judge No.5,Tineke POSNO
fc2024SEG002OF,Judge No.6,Edward Ka-Yin CHOW
fc2024SEG002OF,Judge No.7,Ayumi ONO
fc2024SEG002OF,Judge No.8,Dan FANG
fc2024SEG002OF,Judge No.9,Peggy GRAHAM
fc2024SEG003OF,Judge No.1,Nobuhiko YOSHIOKA
fc2024SEG003OF,Judge No.2,Sasha MARTINEZ
fc2024SEG003OF,Judge No.3,Andrew BOSCO
fc2024SEG003OF,Judge No.4,Dan CHEN
fc2024SEG003OF,Judge No.5,Saodat NUMANOVA
fc2024SEG003OF,Judge No.6,Jung Sue LEE
fc2024SEG003OF,Judge No.7,Kylie Anne YACOPETTI
fc2024SEG003OF,Judge No.8,Stefanie MATHEWSON
fc2024SEG003OF,Judge No.9,Yumin WANG
fc2024SEG004OF,Judge No.1,Andrew BOSCO
fc2024SEG004OF,Judge No.2,Kylie Anne YACOPETTI
fc2024SEG004OF,Judge No.3,Saodat NUMANOVA
fc2024SEG004OF,Judge No.4,Dan CHEN
fc2024SEG004OF,Judge No.5,Yumin WANG
fc2024SEG004OF,Judge No.6,Sasha MARTINEZ
fc2024SEG004OF,Judge No.7,Stefanie MATHEWSON
fc2024SEG004OF,Judge No.8,Jung Sue LEE
fc2024SEG004OF,Judge No.9,Nobuhiko YOSHIOKA
ec2024SEG001OF,Judge No.1,Angelika ULLM
ec2024SEG001OF,Judge No.2,Anna KANTOR
ec2024SEG001OF,Judge No.3,Agnieszka SWIDERSKA
ec2024SEG001OF,Judge No.4,Alice WALDER
ec2024SEG001OF,Judge No.5,Anu NIINIRANTA
ec2024SEG001OF,Judge No.6,Agita ABELE
ec2024SEG001OF,Judge No.7,Zanna KULIK
ec2024SEG001OF,Judge No.8,Margery HILKO
ec2024SEG001OF,Judge No.9,Natalia KRUGLOVA
ec2024SEG002OF,Judge No.1,Helene CUCUPHAT
ec2024SEG002OF,Judge No.2,Andrea SIMANCIKOVA
ec2024SEG002OF,Judge No.3,Agita ABELE
ec2024SEG002OF,Judge No.4,Anna KANTOR
ec2024SEG002OF,Judge No.5,Katarina HENRIKSSON
ec2024SEG002OF,Judge No.6,Zanna KULIK
ec2024SEG002OF,Judge No.7,Margery HILKO
ec2024SEG002OF,Judge No.8,Alice WALDER
ec2024SEG002OF,Judge No.9,Senem AHISKAL
ec2024SEG003OF,Judge No.1,Anastasia PAPAGIANNOPOULOU
ec2024SEG003OF,Judge No.2,Hedviga FIALKOVA
ec2024SEG003OF,Judge No.3,Mary CHAPMAN
ec2024SEG003OF,Judge No.4,Aniela HEBEL-SZMAK
ec2024SEG003OF,Judge No.5,Salome CHIGOGIDZE
ec2024SEG003OF,Judge No.6,Edith SCHILLER
ec2024SEG003OF,Judge No.7,Slobodan DELIC
ec2024SEG003OF,Judge No.8,Francoise de RAPPARD
ec2024SEG003OF,Judge No.9,Pernilla BOHLING
ec2024SEG004OF,Judge No.1,Aniela HEBEL-SZMAK
ec2024SEG004OF,Judge No.2,Salome CHIGOGIDZE
ec2024SEG004OF,Judge No.3,Slobodan DELIC
ec2024SEG004OF,Judge No.4,Edith SCHILLER
ec2024SEG004OF,Judge No.5,Francoise de RAPPARD
ec2024SEG004OF,Judge No.6,Mary CHAPMAN
ec2024SEG004OF,Judge No.7,Anastasia PAPAGIANNOPOULOU
ec2024SEG004OF,Judge No.8,Hedviga FIALKOVA
ec2024SEG004OF,Judge No.9,Pernilla BOHLING
wc2024SEG001OF,Judge No.1,Helene CUCUPHAT
wc2024SEG001OF,Judge No.2,Bernhard JUST
wc2024SEG001OF,Judge No.3,Anna KANTOR
wc2024SEG001OF,Judge No.4,Christine BLANC
wc2024SEG001OF,Judge No.5,Ebru ANILDI
wc2024SEG001OF,Judge No.6,Natalia KRUGLOVA
wc2024SEG001OF,Judge No.7,Daniel DELFA
wc2024SEG001OF,Judge No.8,Tatiana YORDANOVA
wc2024SEG001OF,Judge No.9,Asa NORDBACK
wc2024SEG002OF,Judge No.1,Helene CUCUPHAT
wc2024SEG002OF,Judge No.2,Lovorka KODRIN
wc2024SEG002OF,Judge No.3,Yury KLIUSHNIKOV
wc2024SEG002OF,Judge No.4,Leslie KEEN
wc2024SEG002OF,Judge No.5,Asa NORDBACK
wc2024SEG002OF,Judge No.6,Bernhard JUST
wc2024SEG002OF,Judge No.7,Anna KANTOR
wc2024SEG002OF,Judge No.8,So Young AN
wc2024SEG002OF,Judge No.9,Daniel DELFA
wc2024SEG003OF,Judge No.1,Andrea SIMANCIKOVA
wc2024SEG003OF,Judge No.2,Vessela POPOVA
wc2024SEG003OF,Judge No.3,Tiziana MORANDI
wc2024SEG003OF,Judge No.4,Zsuzsanna VIKARNE-HOMOLYA
wc2024SEG003OF,Judge No.5,Anna SIEROCKA
wc2024SEG003OF,Judge No.6,Lise Rosto JENSEN
wc2024SEG003OF,Judge No.7,Agita ABELE
wc2024SEG003OF,Judge No.8,Ayumi ONO
wc2024SEG003OF,Judge No.9,Beth CRANE
wc2024SEG004OF,Judge No.1,Marina BESCHEA
wc2024SEG004OF,Judge No.2,Tiziana MORANDI
wc2024SEG004OF,Judge No.3,Pekka LESKINEN
wc2024SEG004OF,Judge No.4,Anna SIEROCKA
wc2024SEG004OF,Judge No.5,Deborah CURRIE
wc2024SEG004OF,Judge No.6,Jung Sue LEE
wc2024SEG004OF,Judge No.7,Beth CRANE
wc2024SEG004OF,Judge No.8,Agita ABELE
wc2024SEG004OF,Judge No.9,Zsuzsanna VIKARNE-HOMOLYA
gpusa2023SEG001OF,Judge No.1,Deveny DECK
gpusa2023SEG001OF,Judge No.2,Yulia LEVSHUNOVA
gpusa2023SEG001OF,Judge No.3,Nicole LEBLANC-RICHARD
gpusa2023SEG001OF,Judge No.4,Yuko OGAWA
gpusa2023SEG001OF,Judge No.5,Agita ABELE
gpusa2023SEG001OF,Judge No.6,Yury KLIUSHNIKOV
gpusa2023SEG001OF,Judge No.7,Antony GREVISSE
gpusa2023SEG001OF,Judge No.8,Laila DAVIDSSON
gpusa2023SEG001OF,Judge No.9,Florence VUYLSTEKER
gpusa2023SEG002OF,Judge No.1,Deveny DECK
gpusa2023SEG002OF,Judge No.2,Yulia LEVSHUNOVA
gpusa2023SEG002OF,Judge No.3,Nicole LEBLANC-RICHARD
gpusa2023SEG002OF,Judge No.4,Yuko OGAWA
gpusa2023SEG002OF,Judge No.5,Agita ABELE
gpusa2023SEG002OF,Judge No.6,Yury KLIUSHNIKOV
gpusa2023SEG002OF,Judge No.7,Antony GREVISSE
gpusa2023SEG002OF,Judge No.8,Laila DAVIDSSON
gpusa2023SEG002OF,Judge No.9,Florence VUYLSTEKER
gpusa2023SEG003OF,Judge No.1,Wendy ENZMANN
gpusa2023SEG003OF,Judge No.2,Yuko OGAWA
gpusa2023SEG003OF,Judge No.3,Nicole van GERWEN-MAAS
gpusa2023SEG003OF,Judge No.4,Agnieszka SWIDERSKA
gpusa2023SEG003OF,Judge No.5,So Young AN
gpusa2023SEG003OF,Judge No.6,Antony GREVISSE
gpusa2023SEG003OF,Judge No.7,Kadi ZVIRIK
gpusa2023SEG003OF,Judge No.8,Hui LIU
gpusa2023SEG003OF,Judge No.9,Virginia de AGOSTINI
gpusa2023SEG004OF,Judge No.1,Wendy ENZMANN
gpusa2023SEG004OF,Judge No.2,Yuko OGAWA
gpusa2023SEG004OF,Judge No.3,Nicole van GERWEN-MAAS
gpusa2023SEG004OF,Judge No.4,Agnieszka SWIDERSKA
gpusa2023SEG004OF,Judge No.5,So Young AN
gpusa2023SEG004OF,Judge No.6,Antony GREVISSE
gpusa2023SEG004OF,Judge No.7,Kadi ZVIRIK
gpusa2023SEG004OF,Judge No.8,Hui LIU
gpusa2023SEG004OF,Judge No.9,Virginia de AGOSTINI
gpcan2023SEG001OF,Judge No.1,Yoko KUNO
gpcan2023SEG001OF,Judge No.2,Zanna KULIK
gpcan2023SEG001OF,Judge No.3,Anna KANTOR
gpcan2023SEG001OF,Judge No.4,Kerstin KIMMINUS
gpcan2023SEG001OF,Judge No.5,Deborah CURRIE
gpcan2023SEG001OF,Judge No.6,Nadezhda PARETSKAIA
gpcan2023SEG001OF,Judge No.7,Pinuccia FERRARIO
gpcan2023SEG001OF,Judge No.8,Reaghan FORTIN
gpcan2023SEG001OF,Judge No.9,Jung Sue LEE
gpcan2023SEG002OF,Judge No.1,Yoko KUNO
gpcan2023SEG002OF,Judge No.2,Zanna KULIK
gpcan2023SEG002OF,Judge No.3,Anna KANTOR
gpcan2023SEG002OF,Judge No.4,Kerstin KIMMINUS
gpcan2023SEG002OF,Judge No.5,Deborah CURRIE
gpcan2023SEG002OF,Judge No.6,Nadezhda PARETSKAIA
gpcan2023SEG002OF,Judge No.7,Pinuccia FERRARIO
gpcan2023SEG002OF,Judge No.8,Reaghan FORTIN
gpcan2023SEG002OF,Judge No.9,Jung Sue LEE
gpcan2023SEG003OF,Judge No.1,Eva SZILAGYI
gpcan2023SEG003OF,Judge No.2,Jung Sue LEE
gpcan2023SEG003OF,Judge No.3,Ernestien BAKKER
gpcan2023SEG003OF,Judge No.4,Deborah CURRIE
gpcan2023SEG003OF,Judge No.5,Pinuccia FERRARIO
gpcan2023SEG003OF,Judge No.6,Karen Anne HARRIS
gpcan2023SEG003OF,Judge No.7,Yoko KUNO
gpcan2023SEG003OF,Judge No.8,Andreas WALDECK
gpcan2023SEG003OF,Judge No.9,Beth CRANE
gpcan2023SEG004OF,Judge No.1,Eva SZILAGYI
gpcan2023SEG004OF,Judge No.2,Jung Sue LEE
gpcan2023SEG004OF,Judge No.3,Ernestien BAKKER
gpcan2023SEG004OF,Judge No.4,Deborah CURRIE
gpcan2023SEG004OF,Judge No.5,Pinuccia FERRARIO
gpcan2023SEG004OF,Judge No.6,Karen Anne HARRIS
gpcan2023SEG004OF,Judge No.7,Yoko KUNO
gpcan2023SEG004OF,Judge No.8,Andreas WALDECK
gpcan2023SEG004OF,Judge No.9,Beth CRANE
gpfra2023SEG001OF,Judge No.1,Helene CUCUPHAT
gpfra2023SEG001OF,Judge No.2,Rolf PIPOH
gpfra2023SEG001OF,Judge No.3,Robert ROSENBLUTH
gpfra2023SEG001OF,Judge No.4,Pekka LESKINEN
gpfra2023SEG001OF,Judge No.5,Nobuhiko YOSHIOKA
gpfra2023SEG001OF,Judge No.6,Yumin WANG
gpfra2023SEG001OF,Judge No.7,Claudia BRAMBATI
gpfra2023SEG001OF,Judge No.8,Hans-Ulrich LUETHI
gpfra2023SEG001OF,Judge No.9,Marta OLOZAGARRE
gpfra2023SEG002OF,Judge No.1,Helene CUCUPHAT
gpfra2023SEG002OF,Judge No.2,Rolf PIPOH
gpfra2023SEG002OF,Judge No.3,Robert ROSENBLUTH
gpfra2023SEG002OF,Judge No.4,Pekka LESKINEN
gpfra2023SEG002OF,Judge No.5,Nobuhiko YOSHIOKA
gpfra2023SEG002OF,Judge No.6,Yumin WANG
gpfra2023SEG002OF,Judge No.7,Claudia BRAMBATI
gpfra2023SEG002OF,Judge No.8,Hans-Ulrich LUETHI
gpfra2023SEG002OF,Judge No.9,Marta OLOZAGARRE
gpfra2023SEG003OF,Judge No.1,Albert SAADI
gpfra2023SEG003OF,Judge No.2,Robert ROSENBLUTH
gpfra2023SEG003OF,Judge No.3,Melanie PRAGUE
gpfra2023SEG003OF,Judge No.4,Francoise de RAPPARD
gpfra2023SEG003OF,Judge No.5,Chihee RHEE
gpfra2023SEG003OF,Judge No.6,Nobuhiko YOSHIOKA
gpfra2023SEG003OF,Judge No.7,Pekka LESKINEN
gpfra2023SEG003OF,Judge No.8,Hans-Ulrich LUETHI
gpfra2023SEG003OF,Judge No.9,Rolf PIPOH
gpfra2023SEG004OF,Judge No.1,Albert SAADI
gpfra2023SEG004OF,Judge No.2,Robert ROSENBLUTH
gpfra2023SEG004OF,Judge No.3,Melanie PRAGUE
gpfra2023SEG004OF,Judge No.4,Francoise de RAPPARD
gpfra2023SEG004OF,Judge No.5,Chihee RHEE
gpfra2023SEG004OF,Judge No.6,Nobuhiko YOSHIOKA
gpfra2023SEG004OF,Judge No.7,Pekka LESKINEN
gpfra2023SEG004OF,Judge No.8,Hans-Ulrich LUETHI
gpfra2023SEG004OF,Judge No.9,Rolf PIPOH
gpjpn2023data0130,Judge No.1,Anita BERNASCONI
gpjpn2023data0130,Judge No.2,Limin JAO
gpjpn2023data0130,Judge No.3,Eric HAMPTON
gpjpn2023data0130,Judge No.4,Mami MAEDA
gpjpn2023data0130,Judge No.5,Zanna KULIK
gpjpn2023data0130,Judge No.6,Anthony LEROY
gpjpn2023data0130,Judge No.7,Walter TOIGO
gpjpn2023data0130,Judge No.8,Salome CHIGOGIDZE
gpjpn2023data0130,Judge No.9,Irina KOMARNICKA
gpjpn2023data0150,Judge No.1,Anita BERNASCONI
gpjpn2023data0150,Judge No.2,Limin JAO
gpjpn2023data0150,Judge No.3,Eric HAMPTON
gpjpn2023data0150,Judge No.4,Mami MAEDA
gpjpn2023data0150,Judge No.5,Zanna KULIK
gpjpn2023data0150,Judge No.6,Anthony LEROY
gpjpn2023data0150,Judge No.7,Walter TOIGO
gpjpn2023data0150,Judge No.8,Salome CHIGOGIDZE
gpjpn2023data0150,Judge No.9,Irina KOMARNICKA
gpjpn2023data0230,Judge No.1,Salome CHIGOGIDZE
gpjpn2023data0230,Judge No.2,Merilyn VEKEMANS-van DUPPEN
gpjpn2023data0230,Judge No.3,Anthony LEROY
gpjpn2023data0230,Judge No.4,Angelika ULLM
gpjpn2023data0230,Judge No.5,Ann MUESING
gpjpn2023data0230,Judge No.6,Anita BERNASCONI
gpjpn2023data0230,Judge No.7,Lorrie PARKER
gpjpn2023data0230,Judge No.8,Yoon Kyung LEE
gpjpn2023data0230,Judge No.9,Nobuhiko YOSHIOKA
gpjpn2023data0250,Judge No.1,Salome CHIGOGIDZE
gpjpn2023data0250,Judge No.2,Merilyn VEKEMANS-van DUPPEN
gpjpn2023data0250,Judge No.3,Anthony LEROY
gpjpn2023data0250,Judge No.4,Angelika ULLM
gpjpn2023data0250,Judge No.5,Ann MUESING
gpjpn2023data0250,Judge No.6,Anita BERNASCONI
gpjpn2023data0250,Judge No.7,Lorrie PARKER
gpjpn2023data0250,Judge No.8,Yoon Kyung LEE
gpjpn2023data0250,Judge No.9,Nobuhiko YOSHIOKA
gpfin2023SEG001OF,Judge No.1,Jelena GALIMOVA
gpfin2023SEG001OF,Judge No.2,Yury KLIUSHNIKOV
gpfin2023SEG001OF,Judge No.3,Florence VUYLSTEKER
gpfin2023SEG001OF,Judge No.4,Kathaleen CUTONE
gpfin2023SEG001OF,Judge No.5,Kyung Won SAKONG
gpfin2023SEG001OF,Judge No.6,Karol PESCOSTA
gpfin2023SEG001OF,Judge No.7,Ayumi ONO
gpfin2023SEG001OF,Judge No.8,Marjo KANKAANRANTA
gpfin2023SEG001OF,Judge No.9,Asa NORDBACK
gpfin2023SEG002OF,Judge No.1,Jelena GALIMOVA
gpfin2023SEG002OF,Judge No.2,Yury KLIUSHNIKOV
gpfin2023SEG002OF,Judge No.3,Florence VUYLSTEKER
gpfin2023SEG002OF,Judge No.4,Kathaleen CUTONE
gpfin2023SEG002OF,Judge No.5,Kyung Won SAKONG
gpfin2023SEG002OF,Judge No.6,Karol PESCOSTA
gpfin2023SEG002OF,Judge No.7,Ayumi ONO
gpfin2023SEG002OF,Judge No.8,Marjo KANKAANRANTA
gpfin2023SEG002OF,Judge No.9,Asa NORDBACK
gpfin2023SEG003OF,Judge No.1,Pia ALHONEN
gpfin2023SEG003OF,Judge No.2,Ayumi ONO
gpfin2023SEG003OF,Judge No.3,Christine BLANC
gpfin2023SEG003OF,Judge No.4,Florence VUYLSTEKER
gpfin2023SEG003OF,Judge No.5,Jelena GALIMOVA
gpfin2023SEG003OF,Judge No.6,Jeroen PRINS
gpfin2023SEG003OF,Judge No.7,Kyung Won SAKONG
gpfin2023SEG003OF,Judge No.8,Kathaleen CUTONE
gpfin2023SEG003OF,Judge No.9,Rui ZHAO
gpfin2023SEG004OF,Judge No.1,Pia ALHONEN
gpfin2023SEG004OF,Judge No.2,Ayumi ONO
gpfin2023SEG004OF,Judge No.3,Christine BLANC
gpfin2023SEG004OF,Judge No.4,Florence VUYLSTEKER
gpfin2023SEG004OF,Judge No.5,Jelena GALIMOVA
gpfin2023SEG004OF,Judge No.6,Jeroen PRINS
gpfin2023SEG004OF,Judge No.7,Kyung Won SAKONG
gpfin2023SEG004OF,Judge No.8,Kathaleen CUTONE
gpfin2023SEG004OF,Judge No.9,Rui ZHAO
gpchn2023SEG001OF,Judge No.1,Carmen LAUN
gpchn2023SEG001OF,Judge No.2,Miwako ANDO
gpchn2023SEG001OF,Judge No.3,Francis BETSCH
gpchn2023SEG001OF,Judge No.4,Nadezhda PARETSKAIA
gpchn2023SEG001OF,Judge No.5,Kevin ROSENSTEIN
gpchn2023SEG001OF,Judge No.6,Massimo ORLANDINI
gpchn2023SEG001OF,Judge No.7,Yumin WANG
gpchn2023SEG001OF,Judge No.8,Kadi ZVIRIK
gpchn2023SEG001OF,Judge No.9,Min Ah KIM
gpchn2023SEG002OF,Judge No.1,Carmen LAUN
gpchn2023SEG002OF,Judge No.2,Miwako ANDO
gpchn2023SEG002OF,Judge No.3,Francis BETSCH
gpchn2023SEG002OF,Judge No.4,Nadezhda PARETSKAIA
gpchn2023SEG002OF,Judge No.5,Kevin ROSENSTEIN
gpchn2023SEG002OF,Judge No.6,Massimo ORLANDINI
gpchn2023SEG002OF,Judge No.7,Yumin WANG
gpchn2023SEG002OF,Judge No.8,Kadi ZVIRIK
gpchn2023SEG002OF,Judge No.9,Min Ah KIM
gpchn2023SEG003OF,Judge No.1,Miwako ANDO
gpchn2023SEG003OF,Judge No.2,Kylie Anne YACOPETTI
gpchn2023SEG003OF,Judge No.3,Yu WANG
gpchn2023SEG003OF,Judge No.4,Kevin ROSENSTEIN
gpchn2023SEG003OF,Judge No.5,Edward Ka-Yin CHOW
gpchn2023SEG003OF,Judge No.6,Kadi ZVIRIK
gpchn2023SEG003OF,Judge No.7,Antony GREVISSE
gpchn2023SEG003OF,Judge No.8,Min Ah KIM
gpchn2023SEG003OF,Judge No.9,Ron CONACHER
gpchn2023SEG004OF,Judge No.1,Miwako ANDO
gpchn2023SEG004OF,Judge No.2,Kylie Anne YACOPETTI
gpchn2023SEG004OF,Judge No.3,Yu WANG
gpchn2023SEG004OF,Judge No.4,Kevin ROSENSTEIN
gpchn2023SEG004OF,Judge No.5,Edward Ka-Yin CHOW
gpchn2023SEG004OF,Judge No.6,Kadi ZVIRIK
gpchn2023SEG004OF,Judge No.7,Antony GREVISSE
gpchn2023SEG004OF,Judge No.8,Min Ah KIM
gpchn2023SEG004OF,Judge No.9,Ron CONACHER
gpf2023SEG001OF,Judge No.1,Kristina LUNDGREN
gpf2023SEG001OF,Judge No.2,Anu NIINIRANTA
gpf2023SEG001OF,Judge No.3,Nicole LEBLANC-RICHARD
gpf2023SEG001OF,Judge No.4,Feng HUANG
gpf2023SEG001OF,Judge No.5,Francoise de RAPPARD
gpf2023SEG001OF,Judge No.6,Allan BOEHM
gpf2023SEG001OF,Judge No.7,Yuko OGAWA
gpf2023SEG001OF,Judge No.8,Chihee RHEE
gpf2023SEG001OF,Judge No.9,Philippe MERIGUET
gpf2023SEG002OF,Judge No.1,Kristina LUNDGREN
gpf2023SEG002OF,Judge No.2,Anu NIINIRANTA
gpf2023SEG002OF,Judge No.3,Nicole LEBLANC-RICHARD
gpf2023SEG002OF,Judge No.4,Feng HUANG
gpf2023SEG002OF,Judge No.5,Francoise de RAPPARD
gpf2023SEG002OF,Judge No.6,Allan BOEHM
gpf2023SEG002OF,Judge No.7,Yuko OGAWA
gpf2023SEG002OF,Judge No.8,Chihee RHEE
gpf2023SEG002OF,Judge No.9,Philippe MERIGUET
gpf2023SEG003OF,Judge No.1,Yumin WANG
gpf2023SEG003OF,Judge No.2,Ritsuko HORIUCHI
gpf2023SEG003OF,Judge No.3,Salome CHIGOGIDZE
gpf2023SEG003OF,Judge No.4,Reaghan FORTIN
gpf2023SEG003OF,Judge No.5,Chihee RHEE
gpf2023SEG003OF,Judge No.6,Anu NIINIRANTA
gpf2023SEG003OF,Judge No.7,Allan BOEHM
gpf2023SEG003OF,Judge No.8,Francoise de RAPPARD
gpf2023SEG003OF,Judge No.9,Kevin ROSENSTEIN
gpf2023SEG004OF,Judge No.1,Yumin WANG
gpf2023SEG004OF,Judge No.2,Ritsuko HORIUCHI
gpf2023SEG004OF,Judge No.3,Salome CHIGOGIDZE
gpf2023SEG004OF,Judge No.4,Reaghan FORTIN
gpf2023SEG004OF,Judge No.5,Chihee RHEE
gpf2023SEG004OF,Judge No.6,Anu NIINIRANTA
gpf2023SEG004OF,Judge No.7,Allan BOEHM
gpf2023SEG004OF,Judge No.8,Francoise de RAPPARD
gpf2023SEG004OF,Judge No.9,Kevin ROSENSTEIN
fc2023SEG001OF,Judge No.1,Na Young AHN
fc2023SEG001OF,Judge No.2,Jia YAO
fc2023SEG001OF,Judge No.3,Saodat NUMANOVA
fc2023SEG001OF,Judge No.4,Deborah CURRIE
fc2023SEG001OF,Judge No.5,Masako KUBOTA
fc2023SEG001OF,Judge No.6,Lynne DEY
fc2023SEG001OF,Judge No.7,Sasha MARTINEZ
fc2023SEG001OF,Judge No.8,Elizabeth RYAN
fc2023SEG001OF,Judge No.9,Neil GARRARD
fc2023SEG002OF,Judge No.1,Elizabeth RYAN
fc2023SEG002OF,Judge No.2,Sasha MARTINEZ
fc2023SEG002OF,Judge No.3,Jia YAO
fc2023SEG002OF,Judge No.4,Na Young AHN
fc2023SEG002OF,Judge No.5,Deborah CURRIE
fc2023SEG002OF,Judge No.6,Lynne DEY
fc2023SEG002OF,Judge No.7,Neil GARRARD
fc2023SEG002OF,Judge No.8,Masako KUBOTA
fc2023SEG002OF,Judge No.9,Tatiana YORDANOVA
fc2023SEG003OF,Judge No.1,Ko-Man TING
fc2023SEG003OF,Judge No.2,Nicole LEBLANC-RICHARD
fc2023SEG003OF,Judge No.3,So Young AN
fc2023SEG003OF,Judge No.4,Susan PETRICEVIC
fc2023SEG003OF,Judge No.5,Laurie JOHNSON
fc2023SEG003OF,Judge No.6,Almila ARIKAN SARBANOGLU
fc2023SEG003OF,Judge No.7,Elizabeth ALEXANDRE
fc2023SEG003OF,Judge No.8,Ritsuko HORIUCHI
fc2023SEG003OF,Judge No.9,Ariadna MORONES NEGRETE
fc2023SEG004OF,Judge No.1,Ritsuko HORIUCHI
fc2023SEG004OF,Judge No.2,Ko-Man TING
fc2023SEG004OF,Judge No.3,Laurie JOHNSON
fc2023SEG004OF,Judge No.4,Almila ARIKAN SARBANOGLU
fc2023SEG004OF,Judge No.5,Elizabeth ALEXANDRE
fc2023SEG004OF,Judge No.6,So Young AN
fc2023SEG004OF,Judge No.7,Susan PETRICEVIC
fc2023SEG004OF,Judge No.8,Ariadna MORONES NEGRETE
fc2023SEG004OF,Judge No.9,Nicole LEBLANC-RICHARD
ec2023SEG001OF,Judge No.1,Tatiana YORDANOVA
ec2023SEG001OF,Judge No.2,Carmen LAUN
ec2023SEG001OF,Judge No.3,Aniela HEBEL-SZMAK
ec2023SEG001OF,Judge No.4,Allan BOEHM
ec2023SEG001OF,Judge No.5,Agita ABELE
ec2023SEG001OF,Judge No.6,Ursula STAHL
ec2023SEG001OF,Judge No.7,Zanna KULIK
ec2023SEG001OF,Judge No.8,Josip CEROVAC
ec2023SEG001OF,Judge No.9,Ebru ANILDI
ec2023SEG002OF,Judge No.1,Ursula STAHL
ec2023SEG002OF,Judge No.2,Raffaella LOCATELLI
ec2023SEG002OF,Judge No.3,Attila SOOS
ec2023SEG002OF,Judge No.4,Aniela HEBEL-SZMAK
ec2023SEG002OF,Judge No.5,Lisa DAVIDSON
ec2023SEG002OF,Judge No.6,Marjo KANKAANRANTA
ec2023SEG002OF,Judge No.7,Agita ABELE
ec2023SEG002OF,Judge No.8,Zanna KULIK
ec2023SEG002OF,Judge No.9,Tatiana YORDANOVA
ec2023SEG003OF,Judge No.1,Kersten BELLMANN
ec2023SEG003OF,Judge No.2,Vessela POPOVA
ec2023SEG003OF,Judge No.3,Claire SHEPHERD
ec2023SEG003OF,Judge No.4,Francoise de RAPPARD
ec2023SEG003OF,Judge No.5,Anna KANTOR
ec2023SEG003OF,Judge No.6,Tobias STEINDL
ec2023SEG003OF,Judge No.7,Senem AHISKAL
ec2023SEG003OF,Judge No.8,Zsuzsanna VIKARNE-HOMOLYA
ec2023SEG003OF,Judge No.9,Hermi OTTEMANN
ec2023SEG004OF,Judge No.1,Kari-Anne OLSEN
ec2023SEG004OF,Judge No.2,Kadi ZVIRIK
ec2023SEG004OF,Judge No.3,Salome CHIGOGIDZE
ec2023SEG004OF,Judge No.4,Vessela POPOVA
ec2023SEG004OF,Judge No.5,Tobias STEINDL
ec2023SEG004OF,Judge No.6,Zsuzsanna VIKARNE-HOMOLYA
ec2023SEG004OF,Judge No.7,Claire SHEPHERD
ec2023SEG004OF,Judge No.8,Anna KANTOR
ec2023SEG004OF,Judge No.9,Alice WALDER
wc2023data0130,Judge No.1,Elisabeth LOUESDON
wc2023data0130,Judge No.2,Andrea SIMANCIKOVA
wc2023data0130,Judge No.3,Marco BUTTARELLI
wc2023data0130,Judge No.4,Agita ABELE
wc2023data0130,Judge No.5,Marta OLOZAGARRE
wc2023data0130,Judge No.6,Mami MAEDA
wc2023data0130,Judge No.7,Adrienn SCHADENBAUER
wc2023data0130,Judge No.8,Senem AHISKAL
wc2023data0130,Judge No.9,Ann FINDLAY
wc2023data0150,Judge No.1,Senem AHISKAL
wc2023data0150,Judge No.2,Elisabeth LOUESDON
wc2023data0150,Judge No.3,Mami MAEDA
wc2023data0150,Judge No.4,Kevin ROSENSTEIN
wc2023data0150,Judge No.5,Ulla FAIG
wc2023data0150,Judge No.6,Marta OLOZAGARRE
wc2023data0150,Judge No.7,Andrea SIMANCIKOVA
wc2023data0150,Judge No.8,Na Young AHN
wc2023data0150,Judge No.9,Adrienn SCHADENBAUER
wc2023data0230,Judge No.1,Thomas BIEGLER
wc2023data0230,Judge No.2,Ko-Man TING
wc2023data0230,Judge No.3,Margo PAUW
wc2023data0230,Judge No.4,Anna SIEROCKA
wc2023data0230,Judge No.5,Yury KLIUSHNIKOV
wc2023data0230,Judge No.6,Doug WILLIAMS
wc2023data0230,Judge No.7,Kadi ZVIRIK
wc2023data0230,Judge No.8,Tatiana YORDANOVA
wc2023data0230,Judge No.9,Sung Hee KOH
wc2023data0250,Judge No.1,Donatella LEONELLI
wc2023data0250,Judge No.2,Ko-Man TING
wc2023data0250,Judge No.3,Tatiana YORDANOVA
wc2023data0250,Judge No.4,Salome CHIGOGIDZE
wc2023data0250,Judge No.5,Breda MARINSEK
wc2023data0250,Judge No.6,Masako KUBOTA
wc2023data0250,Judge No.7,Kadi ZVIRIK
wc2023data0250,Judge No.8,Doug WILLIAMS
wc2023data0250,Judge No.9,Margo PAUW
gpusa2022SEG001OF,Judge No.1,Lorrie PARKER
gpusa2022SEG001OF,Judge No.2,Zanna KULIK
gpusa2022SEG001OF,Judge No.3,Ariadna MORONES NEGRETE
gpusa2022SEG001OF,Judge No.4,Chihee RHEE
gpusa2022SEG001OF,Judge No.5,Massimo ORLANDINI
gpusa2022SEG001OF,Judge No.6,Andrew BOSCO
gpusa2022SEG001OF,Judge No.7,Tineke POSNO
gpusa2022SEG001OF,Judge No.8,Masako KUBOTA
gpusa2022SEG001OF,Judge No.9,Patricia MORITZ
gpusa2022SEG002OF,Judge No.1,Lorrie PARKER
gpusa2022SEG002OF,Judge No.2,Zanna KULIK
gpusa2022SEG002OF,Judge No.3,Ariadna MORONES NEGRETE
gpusa2022SEG002OF,Judge No.4,Chihee RHEE
gpusa2022SEG002OF,Judge No.5,Massimo ORLANDINI
gpusa2022SEG002OF,Judge No.6,Andrew BOSCO
gpusa2022SEG002OF,Judge No.7,Tineke POSNO
gpusa2022SEG002OF,Judge No.8,Masako KUBOTA
gpusa2022SEG002OF,Judge No.9,Patricia MORITZ
gpusa2022SEG003OF,Judge No.1,Susanne SJÖQUIST
gpusa2022SEG003OF,Judge No.2,Ariadna MORONES NEGRETE
gpusa2022SEG003OF,Judge No.3,Laimute KRAUZIENE
gpusa2022SEG003OF,Judge No.4,Malgorzata SOBKOW
gpusa2022SEG003OF,Judge No.5,Kristina LUNDGREN
gpusa2022SEG003OF,Judge No.6,Chihee RHEE
gpusa2022SEG003OF,Judge No.7,Jacqueline WICKETT-WARREN
gpusa2022SEG003OF,Judge No.8,Masako KUBOTA
gpusa2022SEG003OF,Judge No.9,Tobias BAYER
gpusa2022SEG004OF,Judge No.1,Susanne SJÖQUIST
gpusa2022SEG004OF,Judge No.2,Ariadna MORONES NEGRETE
gpusa2022SEG004OF,Judge No.3,Laimute KRAUZIENE
gpusa2022SEG004OF,Judge No.4,Malgorzata SOBKOW
gpusa2022SEG004OF,Judge No.5,Kristina LUNDGREN
gpusa2022SEG004OF,Judge No.6,Chihee RHEE
gpusa2022SEG004OF,Judge No.7,Jacqueline WICKETT-WARREN
gpusa2022SEG004OF,Judge No.8,Masako KUBOTA
gpusa2022SEG004OF,Judge No.9,Tobias BAYER
gpcan2022SEG001OF,Judge No.1,Etsuko AZUMA
gpcan2022SEG001OF,Judge No.2,Saara EHALT
gpcan2022SEG001OF,Judge No.3,Wei SHI
gpcan2022SEG001OF,Judge No.4,Bettina MEIER
gpcan2022SEG001OF,Judge No.5,Massimo ORLANDINI
gpcan2022SEG001OF,Judge No.6,Kevin ROSENSTEIN
gpcan2022SEG001OF,Judge No.7,Miroslav MISUREC
gpcan2022SEG001OF,Judge No.8,Zanna KULIK
gpcan2022SEG001OF,Judge No.9,Lorna SCHRODER
gpcan2022SEG002OF,Judge No.1,Etsuko AZUMA
gpcan2022SEG002OF,Judge No.2,Saara EHALT
gpcan2022SEG002OF,Judge No.3,Wei SHI
gpcan2022SEG002OF,Judge No.4,Bettina MEIER
gpcan2022SEG002OF,Judge No.5,Massimo ORLANDINI
gpcan2022SEG002OF,Judge No.6,Kevin ROSENSTEIN
gpcan2022SEG002OF,Judge No.7,Miroslav MISUREC
gpcan2022SEG002OF,Judge No.8,Zanna KULIK
gpcan2022SEG002OF,Judge No.9,Lorna SCHRODER
gpcan2022SEG003OF,Judge No.1,Kyung Won SAKONG
gpcan2022SEG003OF,Judge No.2,Kevin ROSENSTEIN
gpcan2022SEG003OF,Judge No.3,Wei SHI
gpcan2022SEG003OF,Judge No.4,Zanna KULIK
gpcan2022SEG003OF,Judge No.5,Ludwig CZOCZEK
gpcan2022SEG003OF,Judge No.6,Akiko KOBAYASHI
gpcan2022SEG003OF,Judge No.7,Veronique GOSSELIN
gpcan2022SEG003OF,Judge No.8,Saara EHALT
gpcan2022SEG003OF,Judge No.9,Frantisek BAUDYS
gpcan2022SEG004OF,Judge No.1,Kyung Won SAKONG
gpcan2022SEG004OF,Judge No.2,Kevin ROSENSTEIN
gpcan2022SEG004OF,Judge No.3,Wei SHI
gpcan2022SEG004OF,Judge No.4,Zanna KULIK
gpcan2022SEG004OF,Judge No.5,Ludwig CZOCZEK
gpcan2022SEG004OF,Judge No.6,Akiko KOBAYASHI
gpcan2022SEG004OF,Judge No.7,Veronique GOSSELIN
gpcan2022SEG004OF,Judge No.8,Saara EHALT
gpcan2022SEG004OF,Judge No.9,Frantisek BAUDYS
gpfra2022SEG001OF,Judge No.1,Natalia KRUGLOVA
gpfra2022SEG001OF,Judge No.2,Jung Sue LEE
gpfra2022SEG001OF,Judge No.3,Francoise de RAPPARD
gpfra2022SEG001OF,Judge No.4,Yuriy GUSKOV
gpfra2022SEG001OF,Judge No.5,Kadi ZVIRIK
gpfra2022SEG001OF,Judge No.6,Nobuhiko YOSHIOKA
gpfra2022SEG001OF,Judge No.7,Beth CRANE
gpfra2022SEG001OF,Judge No.8,Helene CUCUPHAT
gpfra2022SEG001OF,Judge No.9,Marketa HORKLOVA
gpfra2022SEG002OF,Judge No.1,Natalia KRUGLOVA
gpfra2022SEG002OF,Judge No.2,Jung Sue LEE
gpfra2022SEG002OF,Judge No.3,Francoise de RAPPARD
gpfra2022SEG002OF,Judge No.4,Yuriy GUSKOV
gpfra2022SEG002OF,Judge No.5,Kadi ZVIRIK
gpfra2022SEG002OF,Judge No.6,Nobuhiko YOSHIOKA
gpfra2022SEG002OF,Judge No.7,Beth CRANE
gpfra2022SEG002OF,Judge No.8,Helene CUCUPHAT
gpfra2022SEG002OF,Judge No.9,Marketa HORKLOVA
gpfra2022SEG003OF,Judge No.1,Veronique VERRUE
gpfra2022SEG003OF,Judge No.2,Kersten BELLMANN
gpfra2022SEG003OF,Judge No.3,Greonne BOL
gpfra2022SEG003OF,Judge No.4,Jung Sue LEE
gpfra2022SEG003OF,Judge No.5,Nobuhiko YOSHIOKA
gpfra2022SEG003OF,Judge No.6,Francoise de RAPPARD
gpfra2022SEG003OF,Judge No.7,Ron CONACHER
gpfra2022SEG003OF,Judge No.8,Doug WILLIAMS
gpfra2022SEG003OF,Judge No.9,Thomas BIEGLER
gpfra2022SEG004OF,Judge No.1,Veronique VERRUE
gpfra2022SEG004OF,Judge No.2,Kersten BELLMANN
gpfra2022SEG004OF,Judge No.3,Greonne BOL
gpfra2022SEG004OF,Judge No.4,Jung Sue LEE
gpfra2022SEG004OF,Judge No.5,Nobuhiko YOSHIOKA
gpfra2022SEG004OF,Judge No.6,Francoise de RAPPARD
gpfra2022SEG004OF,Judge No.7,Ron CONACHER
gpfra2022SEG004OF,Judge No.8,Doug WILLIAMS
gpfra2022SEG004OF,Judge No.9,Thomas BIEGLER
gpjpn2022data0130,Judge No.1,Walter TOIGO
gpjpn2022data0130,Judge No.2,Na Young AHN
gpjpn2022data0130,Judge No.3,Philippe MERIGUET
gpjpn2022data0130,Judge No.4,Susan MORRISS
gpjpn2022data0130,Judge No.5,Jia YAO
gpjpn2022data0130,Judge No.6,Tobias STEINDL
gpjpn2022data0130,Judge No.7,Mami MAEDA
gpjpn2022data0130,Judge No.8,Laimute KRAUZIENE
gpjpn2022data0130,Judge No.9,Deveny DECK
gpjpn2022data0150,Judge No.1,Walter TOIGO
gpjpn2022data0150,Judge No.2,Na Young AHN
gpjpn2022data0150,Judge No.3,Philippe MERIGUET
gpjpn2022data0150,Judge No.4,Susan MORRISS
gpjpn2022data0150,Judge No.5,Jia YAO
gpjpn2022data0150,Judge No.6,Tobias STEINDL
gpjpn2022data0150,Judge No.7,Mami MAEDA
gpjpn2022data0150,Judge No.8,Laimute KRAUZIENE
gpjpn2022data0150,Judge No.9,Deveny DECK
gpjpn2022data0230,Judge No.1,Na Young AHN
gpjpn2022data0230,Judge No.2,Jitka MOKRA
gpjpn2022data0230,Judge No.3,Tobias STEINDL
gpjpn2022data0230,Judge No.4,Deveny DECK
gpjpn2022data0230,Judge No.5,Mami MAEDA
gpjpn2022data0230,Judge No.6,Kylie Anne YACOPETTI
gpjpn2022data0230,Judge No.7,Sabrina WONG
gpjpn2022data0230,Judge No.8,Halina GORDON POLTORAK
gpjpn2022data0230,Judge No.9,Kadi ZVIRIK
gpjpn2022data0250,Judge No.1,Na Young AHN
gpjpn2022data0250,Judge No.2,Jitka MOKRA
gpjpn2022data0250,Judge No.3,Tobias STEINDL
gpjpn2022data0250,Judge No.4,Deveny DECK
gpjpn2022data0250,Judge No.5,Mami MAEDA
gpjpn2022data0250,Judge No.6,Kylie Anne YACOPETTI
gpjpn2022data0250,Judge No.7,Sabrina WONG
gpjpn2022data0250,Judge No.8,Halina GORDON POLTORAK
gpjpn2022data0250,Judge No.9,Kadi ZVIRIK
gpfin2022SEG001OF,Judge No.1,Anthony LEROY
gpfin2022SEG001OF,Judge No.2,Karolina MATESA
gpfin2022SEG001OF,Judge No.3,Jelena GALIMOVA
gpfin2022SEG001OF,Judge No.4,Erica TOPOLSKI
gpfin2022SEG001OF,Judge No.5,Antony GREVISSE
gpfin2022SEG001OF,Judge No.6,Yuko OGAWA
gpfin2022SEG001OF,Judge No.7,Anu NIINIRANTA
gpfin2022SEG001OF,Judge No.8,Yuriy GUSKOV
gpfin2022SEG001OF,Judge No.9,Todd BROMLEY
gpfin2022SEG002OF,Judge No.1,Anthony LEROY
gpfin2022SEG002OF,Judge No.2,Karolina MATESA
gpfin2022SEG002OF,Judge No.3,Jelena GALIMOVA
gpfin2022SEG002OF,Judge No.4,Erica TOPOLSKI
gpfin2022SEG002OF,Judge No.5,Antony GREVISSE
gpfin2022SEG002OF,Judge No.6,Yuko OGAWA
gpfin2022SEG002OF,Judge No.7,Anu NIINIRANTA
gpfin2022SEG002OF,Judge No.8,Yuriy GUSKOV
gpfin2022SEG002OF,Judge No.9,Todd BROMLEY
gpfin2022SEG003OF,Judge No.1,Laura CARR
gpfin2022SEG003OF,Judge No.2,Marjo KANKAANRANTA
gpfin2022SEG003OF,Judge No.3,Antony GREVISSE
gpfin2022SEG003OF,Judge No.4,Katherine Evelyn du PREEZ
gpfin2022SEG003OF,Judge No.5,Jelena GALIMOVA
gpfin2022SEG003OF,Judge No.6,Todd BROMLEY
gpfin2022SEG003OF,Judge No.7,Yuko OGAWA
gpfin2022SEG003OF,Judge No.8,Salome CHIGOGIDZE
gpfin2022SEG003OF,Judge No.9,Anthony LEROY
gpfin2022SEG004OF,Judge No.1,Laura CARR
gpfin2022SEG004OF,Judge No.2,Marjo KANKAANRANTA
gpfin2022SEG004OF,Judge No.3,Antony GREVISSE
gpfin2022SEG004OF,Judge No.4,Katherine Evelyn du PREEZ
gpfin2022SEG004OF,Judge No.5,Jelena GALIMOVA
gpfin2022SEG004OF,Judge No.6,Todd BROMLEY
gpfin2022SEG004OF,Judge No.7,Yuko OGAWA
gpfin2022SEG004OF,Judge No.8,Salome CHIGOGIDZE
gpfin2022SEG004OF,Judge No.9,Anthony LEROY
gpf2022SEG001OF,Judge No.1,Florence VUYLSTEKER
gpf2022SEG001OF,Judge No.2,Tarja RISTANEN
gpf2022SEG001OF,Judge No.3,Richard KOSINA
gpf2022SEG001OF,Judge No.4,Deborah CURRIE
gpf2022SEG001OF,Judge No.5,Janice HUNTER
gpf2022SEG001OF,Judge No.6,Gloria MORANDI
gpf2022SEG001OF,Judge No.7,Natalia KRUGLOVA
gpf2022SEG001OF,Judge No.8,Ayumi ONO
gpf2022SEG001OF,Judge No.9,Matthew MILLER
gpf2022SEG002OF,Judge No.1,Florence VUYLSTEKER
gpf2022SEG002OF,Judge No.2,Tarja RISTANEN
gpf2022SEG002OF,Judge No.3,Richard KOSINA
gpf2022SEG002OF,Judge No.4,Deborah CURRIE
gpf2022SEG002OF,Judge No.5,Janice HUNTER
gpf2022SEG002OF,Judge No.6,Gloria MORANDI
gpf2022SEG002OF,Judge No.7,Natalia KRUGLOVA
gpf2022SEG002OF,Judge No.8,Ayumi ONO
gpf2022SEG002OF,Judge No.9,Matthew MILLER
gpf2022SEG003OF,Judge No.1,So Young AN
gpf2022SEG003OF,Judge No.2,Hal MARRON
gpf2022SEG003OF,Judge No.3,Masako KUBOTA
gpf2022SEG003OF,Judge No.4,Kerstin KIMMINUS
gpf2022SEG003OF,Judge No.5,Nicole LEBLANC-RICHARD
gpf2022SEG003OF,Judge No.6,Leah BATES
gpf2022SEG003OF,Judge No.7,Walter TOIGO
gpf2022SEG003OF,Judge No.8,Tarja RISTANEN
gpf2022SEG003OF,Judge No.9,Francoise de RAPPARD
gpf2022SEG004OF,Judge No.1,So Young AN
gpf2022SEG004OF,Judge No.2,Hal MARRON
gpf2022SEG004OF,Judge No.3,Masako KUBOTA
gpf2022SEG004OF,Judge No.4,Kerstin KIMMINUS
gpf2022SEG004OF,Judge No.5,Nicole LEBLANC-RICHARD
gpf2022SEG004OF,Judge No.6,Leah BATES
gpf2022SEG004OF,Judge No.7,Walter TOIGO
gpf2022SEG004OF,Judge No.8,Tarja RISTANEN
gpf2022SEG004OF,Judge No.9,Francoise de RAPPARD
fc2022SEG001OF,Judge No.1,Doug WILLIAMS
fc2022SEG001OF,Judge No.2,Young Kyung HAN
fc2022SEG001OF,Judge No.3,Tatiana SHARKINA
fc2022SEG001OF,Judge No.4,Zoia YORDANOVA
fc2022SEG001OF,Judge No.5,Ritsuko HORIUCHI
fc2022SEG001OF,Judge No.6,Sasha MARTINEZ
fc2022SEG001OF,Judge No.7,Katherine Evelyn du PREEZ
fc2022SEG001OF,Judge No.8,Jeff LUKASIK
fc2022SEG002OF,Judge No.1,Ritsuko HORIUCHI
fc2022SEG002OF,Judge No.2,Doug WILLIAMS
fc2022SEG002OF,Judge No.3,Tatiana SHARKINA
fc2022SEG002OF,Judge No.4,Zoia YORDANOVA
fc2022SEG002OF,Judge No.5,Young Kyung HAN
fc2022SEG002OF,Judge No.6,Sasha MARTINEZ
fc2022SEG002OF,Judge No.7,Katherine Evelyn du PREEZ
fc2022SEG002OF,Judge No.8,Jeff LUKASIK
fc2022SEG003OF,Judge No.1,Ariadna MORONES NEGRETE
fc2022SEG003OF,Judge No.2,Beth CRANE
fc2022SEG003OF,Judge No.3,Yuriy GUSKOV
fc2022SEG003OF,Judge No.4,Ernestien BAKKER
fc2022SEG003OF,Judge No.5,Linda LEAVER
fc2022SEG003OF,Judge No.6,Ayumi KOZUKA
fc2022SEG003OF,Judge No.7,Anastassiya MAKAROVA
fc2022SEG003OF,Judge No.8,Angelique CLYDE-SMITH
fc2022SEG003OF,Judge No.9,Sung Hee KOH
fc2022SEG004OF,Judge No.1,Anastassiya MAKAROVA
fc2022SEG004OF,Judge No.2,Beth CRANE
fc2022SEG004OF,Judge No.3,Angelique CLYDE-SMITH
fc2022SEG004OF,Judge No.4,Ernestien BAKKER
fc2022SEG004OF,Judge No.5,Ayumi KOZUKA
fc2022SEG004OF,Judge No.6,Ariadna MORONES NEGRETE
fc2022SEG004OF,Judge No.7,Sung Hee KOH
fc2022SEG004OF,Judge No.8,Yuriy GUSKOV
fc2022SEG004OF,Judge No.9,Linda LEAVER
ec2022SEG001OF,Judge No.1,Vessela POPOVA
ec2022SEG001OF,Judge No.2,Ebru ANILDI
ec2022SEG001OF,Judge No.3,Jitka MOKRA
ec2022SEG001OF,Judge No.4,Mary CHAPMAN
ec2022SEG001OF,Judge No.5,Yury KLIUSHNIKOV
ec2022SEG001OF,Judge No.6,Tatiana SHARKINA
ec2022SEG001OF,Judge No.7,Ekaterina SEROVA
ec2022SEG001OF,Judge No.8,Elisabeth LOUESDON
ec2022SEG001OF,Judge No.9,Edith SCHILLER
ec2022SEG002OF,Judge No.1,Nicole van GERWEN-MAAS
ec2022SEG002OF,Judge No.2,Jitka MOKRA
ec2022SEG002OF,Judge No.3,Edith SCHILLER
ec2022SEG002OF,Judge No.4,Ekaterina SEROVA
ec2022SEG002OF,Judge No.5,Yury KLIUSHNIKOV
ec2022SEG002OF,Judge No.6,Elisabeth LOUESDON
ec2022SEG002OF,Judge No.7,Tatiana SHARKINA
ec2022SEG002OF,Judge No.8,Vessela POPOVA
ec2022SEG002OF,Judge No.9,Ebru ANILDI
ec2022SEG003OF,Judge No.1,Antica GRUBISIC
ec2022SEG003OF,Judge No.2,Katarina GROF MITROVIC
ec2022SEG003OF,Judge No.3,Andreas WALDECK
ec2022SEG003OF,Judge No.4,Veronique VERRUE
ec2022SEG003OF,Judge No.5,Mateja AVBREHT
ec2022SEG003OF,Judge No.6,Kadi ZVIRIK
ec2022SEG003OF,Judge No.7,Walter TOIGO
ec2022SEG003OF,Judge No.8,Tarja RISTANEN
ec2022SEG003OF,Judge No.9,Nadezhda FIODOROVA
ec2022SEG004OF,Judge No.1,Veronique VERRUE
ec2022SEG004OF,Judge No.2,Saioa SANCHO
ec2022SEG004OF,Judge No.3,Antica GRUBISIC
ec2022SEG004OF,Judge No.4,Tarja RISTANEN
ec2022SEG004OF,Judge No.5,Nadezhda FIODOROVA
ec2022SEG004OF,Judge No.6,Senem AHISKAL
ec2022SEG004OF,Judge No.7,Kadi ZVIRIK
ec2022SEG004OF,Judge No.8,Adrienn SCHADENBAUER
ec2022SEG004OF,Judge No.9,Andreas WALDECK
wc2022SEG001OF,Judge No.1,Yuriy GUSKOV
wc2022SEG001OF,Judge No.2,Ebru ANILDI
wc2022SEG001OF,Judge No.3,Emilie BILLOW
wc2022SEG001OF,Judge No.4,Katharina RAUCH
wc2022SEG001OF,Judge No.5,Kadi ZVIRIK
wc2022SEG001OF,Judge No.6,Yury KLIUSHNIKOV
wc2022SEG001OF,Judge No.7,Philippe MERIGUET
wc2022SEG001OF,Judge No.8,Daniela CAVELLI
wc2022SEG001OF,Judge No.9,Deborah ISLAM
wc2022SEG002OF,Judge No.1,Deborah ISLAM
wc2022SEG002OF,Judge No.2,Kadi ZVIRIK
wc2022SEG002OF,Judge No.3,Emilie BILLOW
wc2022SEG002OF,Judge No.4,Daniela CAVELLI
wc2022SEG002OF,Judge No.5,Ebru ANILDI
wc2022SEG002OF,Judge No.6,Katharina RAUCH
wc2022SEG002OF,Judge No.7,Philippe MERIGUET
wc2022SEG002OF,Judge No.8,Yury KLIUSHNIKOV
wc2022SEG002OF,Judge No.9,Yuriy GUSKOV
wc2022SEG003OF,Judge No.1,Ko-Man TING
wc2022SEG003OF,Judge No.2,Karen HOWARD
wc2022SEG003OF,Judge No.3,Tiziana MORANDI
wc2022SEG003OF,Judge No.4,Laila DAVIDSSON
wc2022SEG003OF,Judge No.5,Attila SOOS
wc2022SEG003OF,Judge No.6,Hermi OTTEMANN
wc2022SEG003OF,Judge No.7,Ayumi KOZUKA
wc2022SEG003OF,Judge No.8,Pekka LESKINEN
wc2022SEG003OF,Judge No.9,Young Kyung HAN
wc2022SEG004OF,Judge No.1,Laila DAVIDSSON
wc2022SEG004OF,Judge No.2,Young Kyung HAN
wc2022SEG004OF,Judge No.3,Tiziana MORANDI
wc2022SEG004OF,Judge No.4,Attila SOOS
wc2022SEG004OF,Judge No.5,Ko-Man TING
wc2022SEG004OF,Judge No.6,Karin EHRHARDT
wc2022SEG004OF,Judge No.7,Ayumi KOZUKA
wc2022SEG004OF,Judge No.8,Karen HOWARD
wc2022SEG004OF,Judge No.9,Vessela POPOVA
gpusa2021SEG001OF,Judge No.1,Ulla FAIG
gpusa2021SEG001OF,Judge No.2,Miroslav MISUREC
gpusa2021SEG001OF,Judge No.3,Pinuccia FERRARIO
gpusa2021SEG001OF,Judge No.4,Lynne DEY
gpusa2021SEG001OF,Judge No.5,Lolita LABUNSKAIYA
gpusa2021SEG001OF,Judge No.6,Ritsuko HORIUCHI
gpusa2021SEG001OF,Judge No.7,Wendy ENZMANN
gpusa2021SEG001OF,Judge No.8,Helene CUCUPHAT
gpusa2021SEG001OF,Judge No.9,Malgorzata SOBKOW
gpusa2021SEG002OF,Judge No.1,Ulla FAIG
gpusa2021SEG002OF,Judge No.2,Miroslav MISUREC
gpusa2021SEG002OF,Judge No.3,Pinuccia FERRARIO
gpusa2021SEG002OF,Judge No.4,Lynne DEY
gpusa2021SEG002OF,Judge No.5,Lolita LABUNSKAIYA
gpusa2021SEG002OF,Judge No.6,Ritsuko HORIUCHI
gpusa2021SEG002OF,Judge No.7,Wendy ENZMANN
gpusa2021SEG002OF,Judge No.8,Helene CUCUPHAT
gpusa2021SEG002OF,Judge No.9,Malgorzata SOBKOW
gpusa2021SEG003OF,Judge No.1,Erica TOPOLSKI
gpusa2021SEG003OF,Judge No.2,Olga KOZHEMYAKINA
gpusa2021SEG003OF,Judge No.3,David MUNOZ
gpusa2021SEG003OF,Judge No.4,Jung Sue LEE
gpusa2021SEG003OF,Judge No.5,Aniela HEBEL-SZMAK
gpusa2021SEG003OF,Judge No.6,Zsuzsanna VIKARNE-HOMOLYA
gpusa2021SEG003OF,Judge No.7,Ritsuko HORIUCHI
gpusa2021SEG003OF,Judge No.8,Haya LEENARDS
gpusa2021SEG003OF,Judge No.9,Samuel AUXIER
gpusa2021SEG004OF,Judge No.1,Erica TOPOLSKI
gpusa2021SEG004OF,Judge No.2,Olga KOZHEMYAKINA
gpusa2021SEG004OF,Judge No.3,David MUNOZ
gpusa2021SEG004OF,Judge No.4,Jung Sue LEE
gpusa2021SEG004OF,Judge No.5,Aniela HEBEL-SZMAK
gpusa2021SEG004OF,Judge No.6,Zsuzsanna VIKARNE-HOMOLYA
gpusa2021SEG004OF,Judge No.7,Ritsuko HORIUCHI
gpusa2021SEG004OF,Judge No.8,Haya LEENARDS
gpusa2021SEG004OF,Judge No.9,Samuel AUXIER
gpcan2021SEG001OF,Judge No.1,Emilie BILLOW
gpcan2021SEG001OF,Judge No.2,Tae Ri LEE
gpcan2021SEG001OF,Judge No.3,Saara EHALT
gpcan2021SEG001OF,Judge No.4,Tatiana SHARKINA
gpcan2021SEG001OF,Judge No.5,Yulia LEVSHUNOVA
gpcan2021SEG001OF,Judge No.6,Daniel DELFA
gpcan2021SEG001OF,Judge No.7,Karen HOWARD
gpcan2021SEG001OF,Judge No.8,Ritsuko HORIUCHI
gpcan2021SEG001OF,Judge No.9,Kristina LUNDGREN
gpcan2021SEG002OF,Judge No.1,Emilie BILLOW
gpcan2021SEG002OF,Judge No.2,Tae Ri LEE
gpcan2021SEG002OF,Judge No.3,Saara EHALT
gpcan2021SEG002OF,Judge No.4,Tatiana SHARKINA
gpcan2021SEG002OF,Judge No.5,Yulia LEVSHUNOVA
gpcan2021SEG002OF,Judge No.6,Daniel DELFA
gpcan2021SEG002OF,Judge No.7,Karen HOWARD
gpcan2021SEG002OF,Judge No.8,Ritsuko HORIUCHI
gpcan2021SEG002OF,Judge No.9,Kristina LUNDGREN
gpcan2021SEG003OF,Judge No.1,Emilie BILLOW
gpcan2021SEG003OF,Judge No.2,Kristina LUNDGREN
gpcan2021SEG003OF,Judge No.3,Daniel DELFA
gpcan2021SEG003OF,Judge No.4,Glenn FORTIN
gpcan2021SEG003OF,Judge No.5,Tae Ri LEE
gpcan2021SEG003OF,Judge No.6,Saara EHALT
gpcan2021SEG003OF,Judge No.7,Wei SHI
gpcan2021SEG003OF,Judge No.8,Elena FOMINA
gpcan2021SEG003OF,Judge No.9,Ritsuko HORIUCHI
gpcan2021SEG004OF,Judge No.1,Emilie BILLOW
gpcan2021SEG004OF,Judge No.2,Kristina LUNDGREN
gpcan2021SEG004OF,Judge No.3,Daniel DELFA
gpcan2021SEG004OF,Judge No.4,Glenn FORTIN
gpcan2021SEG004OF,Judge No.5,Tae Ri LEE
gpcan2021SEG004OF,Judge No.6,Saara EHALT
gpcan2021SEG004OF,Judge No.7,Wei SHI
gpcan2021SEG004OF,Judge No.8,Elena FOMINA
gpcan2021SEG004OF,Judge No.9,Ritsuko HORIUCHI
gpfra2021SEG001OF,Judge No.1,Agita ABELE
gpfra2021SEG001OF,Judge No.2,Yuko OGAWA
gpfra2021SEG001OF,Judge No.3,Cynthia BENSON
gpfra2021SEG001OF,Judge No.4,Miriam PALANGE
gpfra2021SEG001OF,Judge No.5,Tanay OZKAN SILAOGLU
gpfra2021SEG001OF,Judge No.6,Elena FOMINA
gpfra2021SEG001OF,Judge No.7,Anthony LEROY
gpfra2021SEG001OF,Judge No.8,Roger GLENN
gpfra2021SEG001OF,Judge No.9,Daniel DELFA
gpfra2021SEG002OF,Judge No.1,Agita ABELE
gpfra2021SEG002OF,Judge No.2,Yuko OGAWA
gpfra2021SEG002OF,Judge No.3,Cynthia BENSON
gpfra2021SEG002OF,Judge No.4,Miriam PALANGE
gpfra2021SEG002OF,Judge No.5,Tanay OZKAN SILAOGLU
gpfra2021SEG002OF,Judge No.6,Elena FOMINA
gpfra2021SEG002OF,Judge No.7,Anthony LEROY
gpfra2021SEG002OF,Judge No.8,Roger GLENN
gpfra2021SEG002OF,Judge No.9,Daniel DELFA
gpfra2021SEG003OF,Judge No.1,Linda LEAVER
gpfra2021SEG003OF,Judge No.2,So Young AN
gpfra2021SEG003OF,Judge No.3,Daniel DELFA
gpfra2021SEG003OF,Judge No.4,Yuko OGAWA
gpfra2021SEG003OF,Judge No.5,Laimute KRAUZIENE
gpfra2021SEG003OF,Judge No.6,Nicole LEBLANC-RICHARD
gpfra2021SEG003OF,Judge No.7,Yury KLIUSHNIKOV
gpfra2021SEG003OF,Judge No.8,Elena FOMINA
gpfra2021SEG003OF,Judge No.9,Elisabeth LOUESDON
gpfra2021SEG004OF,Judge No.1,Linda LEAVER
gpfra2021SEG004OF,Judge No.2,So Young AN
gpfra2021SEG004OF,Judge No.3,Daniel DELFA
gpfra2021SEG004OF,Judge No.4,Yuko OGAWA
gpfra2021SEG004OF,Judge No.5,Laimute KRAUZIENE
gpfra2021SEG004OF,Judge No.6,Nicole LEBLANC-RICHARD
gpfra2021SEG004OF,Judge No.7,Yury KLIUSHNIKOV
gpfra2021SEG004OF,Judge No.8,Elena FOMINA
gpfra2021SEG004OF,Judge No.9,Elisabeth LOUESDON
gpjpn2021data0130,Judge No.1,Marketa HORKLOVA
gpjpn2021data0130,Judge No.2,Julia ANDREEVA
gpjpn2021data0130,Judge No.3,Walter TOIGO
gpjpn2021data0130,Judge No.4,Deborah ISLAM
gpjpn2021data0130,Judge No.5,Yoko KUNO
gpjpn2021data0130,Judge No.6,Young Kyung HAN
gpjpn2021data0130,Judge No.7,Pernilla BOHLING
gpjpn2021data0130,Judge No.8,Deborah CURRIE
gpjpn2021data0130,Judge No.9,Katarina HENRIKSSON
gpjpn2021data0150,Judge No.1,Marketa HORKLOVA
gpjpn2021data0150,Judge No.2,Julia ANDREEVA
gpjpn2021data0150,Judge No.3,Walter TOIGO
gpjpn2021data0150,Judge No.4,Deborah ISLAM
gpjpn2021data0150,Judge No.5,Yoko KUNO
gpjpn2021data0150,Judge No.6,Young Kyung HAN
gpjpn2021data0150,Judge No.7,Pernilla BOHLING
gpjpn2021data0150,Judge No.8,Deborah CURRIE
gpjpn2021data0150,Judge No.9,Katarina HENRIKSSON
gpjpn2021data0230,Judge No.1,Janice HUNTER
gpjpn2021data0230,Judge No.2,Katarina HENRIKSSON
gpjpn2021data0230,Judge No.3,Adrienn SCHADENBAUER
gpjpn2021data0230,Judge No.4,Deborah CURRIE
gpjpn2021data0230,Judge No.5,Peter VOTH
gpjpn2021data0230,Judge No.6,Olga KOZHEMYAKINA
gpjpn2021data0230,Judge No.7,Young Kyung HAN
gpjpn2021data0230,Judge No.8,Pernilla BOHLING
gpjpn2021data0230,Judge No.9,Ayako SHIMODE
gpjpn2021data0250,Judge No.1,Janice HUNTER
gpjpn2021data0250,Judge No.2,Katarina HENRIKSSON
gpjpn2021data0250,Judge No.3,Adrienn SCHADENBAUER
gpjpn2021data0250,Judge No.4,Deborah CURRIE
gpjpn2021data0250,Judge No.5,Peter VOTH
gpjpn2021data0250,Judge No.6,Olga KOZHEMYAKINA
gpjpn2021data0250,Judge No.7,Young Kyung HAN
gpjpn2021data0250,Judge No.8,Pernilla BOHLING
gpjpn2021data0250,Judge No.9,Ayako SHIMODE
gprus2021SEG001OF,Judge No.1,Igor DOLGUSHIN
gprus2021SEG001OF,Judge No.2,Carmen LAUN
gprus2021SEG001OF,Judge No.3,Jitka MOKRA
gprus2021SEG001OF,Judge No.4,Yulia LEVSHUNOVA
gprus2021SEG001OF,Judge No.5,Yury KLIUSHNIKOV
gprus2021SEG001OF,Judge No.6,Kevin ROSENSTEIN
gprus2021SEG001OF,Judge No.7,Attila SOOS
gprus2021SEG001OF,Judge No.8,Marco BUTTARELLI
gprus2021SEG001OF,Judge No.9,Yuriy GUSKOV
gprus2021SEG002OF,Judge No.1,Igor DOLGUSHIN
gprus2021SEG002OF,Judge No.2,Carmen LAUN
gprus2021SEG002OF,Judge No.3,Jitka MOKRA
gprus2021SEG002OF,Judge No.4,Yulia LEVSHUNOVA
gprus2021SEG002OF,Judge No.5,Yury KLIUSHNIKOV
gprus2021SEG002OF,Judge No.6,Kevin ROSENSTEIN
gprus2021SEG002OF,Judge No.7,Attila SOOS
gprus2021SEG002OF,Judge No.8,Marco BUTTARELLI
gprus2021SEG002OF,Judge No.9,Yuriy GUSKOV
gprus2021SEG003OF,Judge No.1,Yuriy GUSKOV
gprus2021SEG003OF,Judge No.2,Yury KLIUSHNIKOV
gprus2021SEG003OF,Judge No.3,Malgorzata SOBKOW
gprus2021SEG003OF,Judge No.4,Kevin ROSENSTEIN
gprus2021SEG003OF,Judge No.5,Polina YAKOBS
gprus2021SEG003OF,Judge No.6,Katharina RAUCH
gprus2021SEG003OF,Judge No.7,Massimo ORLANDINI
gprus2021SEG003OF,Judge No.8,Patty KLEIN
gprus2021SEG003OF,Judge No.9,Francoise de RAPPARD
gprus2021SEG004OF,Judge No.1,Yuriy GUSKOV
gprus2021SEG004OF,Judge No.2,Yury KLIUSHNIKOV
gprus2021SEG004OF,Judge No.3,Malgorzata SOBKOW
gprus2021SEG004OF,Judge No.4,Kevin ROSENSTEIN
gprus2021SEG004OF,Judge No.5,Polina YAKOBS
gprus2021SEG004OF,Judge No.6,Katharina RAUCH
gprus2021SEG004OF,Judge No.7,Massimo ORLANDINI
gprus2021SEG004OF,Judge No.8,Patty KLEIN
gprus2021SEG004OF,Judge No.9,Francoise de RAPPARD
gpita2021SEG001OF,Judge No.1,Vera TAUCHMANOVA
gpita2021SEG001OF,Judge No.2,Bing HAN
gpita2021SEG001OF,Judge No.3,Elena KHMYZENKO
gpita2021SEG001OF,Judge No.4,Chihee RHEE
gpita2021SEG001OF,Judge No.5,Massimo ORLANDINI
gpita2021SEG001OF,Judge No.6,Agita ABELE
gpita2021SEG001OF,Judge No.7,Angelika ULLM
gpita2021SEG001OF,Judge No.8,Miwako ANDO
gpita2021SEG001OF,Judge No.9,Peggy GRAHAM
gpita2021SEG002OF,Judge No.1,Vera TAUCHMANOVA
gpita2021SEG002OF,Judge No.2,Bing HAN
gpita2021SEG002OF,Judge No.3,Elena KHMYZENKO
gpita2021SEG002OF,Judge No.4,Chihee RHEE
gpita2021SEG002OF,Judge No.5,Massimo ORLANDINI
gpita2021SEG002OF,Judge No.6,Agita ABELE
gpita2021SEG002OF,Judge No.7,Angelika ULLM
gpita2021SEG002OF,Judge No.8,Miwako ANDO
gpita2021SEG002OF,Judge No.9,Peggy GRAHAM
gpita2021SEG003OF,Judge No.1,Lolita LABUNSKAIYA
gpita2021SEG003OF,Judge No.2,Vera TAUCHMANOVA
gpita2021SEG003OF,Judge No.3,Bing HAN
gpita2021SEG003OF,Judge No.4,Chihee RHEE
gpita2021SEG003OF,Judge No.5,Angelika ULLM
gpita2021SEG003OF,Judge No.6,Ron CONACHER
gpita2021SEG003OF,Judge No.7,Miwako ANDO
gpita2021SEG003OF,Judge No.8,Virginia de AGOSTINI
gpita2021SEG003OF,Judge No.9,Antony GREVISSE
gpita2021SEG004OF,Judge No.1,Lolita LABUNSKAIYA
gpita2021SEG004OF,Judge No.2,Vera TAUCHMANOVA
gpita2021SEG004OF,Judge No.3,Bing HAN
gpita2021SEG004OF,Judge No.4,Chihee RHEE
gpita2021SEG004OF,Judge No.5,Angelika ULLM
gpita2021SEG004OF,Judge No.6,Ron CONACHER
gpita2021SEG004OF,Judge No.7,Miwako ANDO
gpita2021SEG004OF,Judge No.8,Virginia de AGOSTINI
gpita2021SEG004OF,Judge No.9,Antony GREVISSE
