competition,role,judge,country
fc2025SEG001OF,Judge No.1,Jung Sue LEE,South Korea
fc2025SEG001OF,Judge No.2,Ariadna MORONES NEGRETE,Mexico
fc2025SEG001OF,Judge No.3,Saodat NUMANOVA,Uzbekistan
fc2025SEG001OF,Judge No.4,Joanna MILLER,Australia
fc2025SEG001OF,Judge No.5,Mami MAEDA,Japan
fc2025SEG001OF,Judge No.6,Nadezhda PARETSKAIA,Kazakhstan
fc2025SEG001OF,Judge No.7,Rui ZHAO,China
fc2025SEG001OF,Judge No.8,Andre-Marc ALLAIN,Canada
fc2025SEG001OF,Judge No.9,Steven HSU,USA
fc2025SEG002OF,Judge No.1,Rui ZHAO,China
fc2025SEG002OF,Judge No.2,Andre-Marc ALLAIN,Canada
fc2025SEG002OF,Judge No.3,Saodat NUMANOVA,Uzbekistan
fc2025SEG002OF,Judge No.4,Nadezhda PARETSKAIA,Kazakhstan
fc2025SEG002OF,Judge No.5,Jung Sue LEE,South Korea
fc2025SEG002OF,Judge No.6,Joanna MILLER,Australia
fc2025SEG002OF,Judge No.7,Steven HSU,USA
fc2025SEG002OF,Judge No.8,Mami MAEDA,Japan
fc2025SEG002OF,Judge No.9,Ariadna MORONES NEGRETE,Mexico
fc2025SEG003OF,Judge No.1,Weiguang CHEN,China
fc2025SEG003OF,Judge No.2,Nobuhiko YOSHIOKA,Japan
fc2025SEG003OF,Judge No.3,Neil GARRARD,South Africa
fc2025SEG003OF,Judge No.4,Sung Hee KOH,South Korea
fc2025SEG003OF,Judge No.5,Anne CAMMETT,USA
fc2025SEG003OF,Judge No.6,Elizabeth ALEXANDRE,Australia
fc2025SEG003OF,Judge No.7,Marina BESCHEA,Romania
fc2025SEG003OF,Judge No.8,Sasha MARTINEZ,Mexico
fc2025SEG003OF,Judge No.9,Jeff LUKASIK,Canada
fc2025SEG004OF,Judge No.1,Weiguang CHEN,China
fc2025SEG004OF,Judge No.2,Neil GARRARD,South Africa
fc2025SEG004OF,Judge No.3,Jeff LUKASIK,Canada
fc2025SEG004OF,Judge No.4,Nobuhiko YOSHIOKA,Japan
fc2025SEG004OF,Judge No.5,Elizabeth ALEXANDRE,Australia
fc2025SEG004OF,Judge No.6,Anne CAMMETT,USA
fc2025SEG004OF,Judge No.7,Sung Hee KOH,South Korea
fc2025SEG004OF,Judge No.8,Sasha MARTINEZ,Mexico
fc2025SEG004OF,Judge No.9,Marina BESCHEA,Romania
ec2025SEG001OF,Judge No.1,Ludwig CZOCZEK,Germany
ec2025SEG001OF,Judge No.2,Marjo KANKAANRANTA,Finland
ec2025SEG001OF,Judge No.3,Salome CHIGOGIDZE,Georgia
ec2025SEG001OF,Judge No.4,Agnieszka SWIDERSKA,Poland
ec2025SEG001OF,Judge No.5,Andrea SIMANCIKOVA,Slovakia
ec2025SEG001OF,Judge No.6,Ebru ANILDI,Turkey
ec2025SEG001OF,Judge No.7,Agita ABELE,Latvia
ec2025SEG001OF,Judge No.8,Daniel DELFA,Spain
ec2025SEG001OF,Judge No.9,Vera TAUCHMANOVA,Czech Republic
ec2025SEG002OF,Judge No.1,Karin EHRHARDT,Austria
ec2025SEG002OF,Judge No.2,Vera TAUCHMANOVA,Czech Republic
ec2025SEG002OF,Judge No.3,Ludwig CZOCZEK,Germany
ec2025SEG002OF,Judge No.4,Marco BUTTARELLI,Italy
ec2025SEG002OF,Judge No.5,Andrea SIMANCIKOVA,Slovakia
ec2025SEG002OF,Judge No.6,Salome CHIGOGIDZE,Georgia
ec2025SEG002OF,Judge No.7,Kadi ZVIRIK,Estonia
ec2025SEG002OF,Judge No.8,Agnieszka SWIDERSKA,Poland
ec2025SEG002OF,Judge No.9,Vessela POPOVA,Bulgaria
ec2025SEG003OF,Judge No.1,Tatiana YORDANOVA,Bulgaria
ec2025SEG003OF,Judge No.2,Karolina MATESA,Sweden
ec2025SEG003OF,Judge No.3,Tarja RISTANEN,Finland
ec2025SEG003OF,Judge No.4,Milica LJUJIC,Serbia
ec2025SEG003OF,Judge No.5,Katharina HEUSINGER,Germany
ec2025SEG003OF,Judge No.6,Florence VUYLSTEKER,France
ec2025SEG003OF,Judge No.7,Alice WALDER,Switzerland
ec2025SEG003OF,Judge No.8,Kari-Anne OLSEN,Norway
ec2025SEG003OF,Judge No.9,Breda MARINSEK,Slovenia
ec2025SEG004OF,Judge No.1,Tatiana YORDANOVA,Bulgaria
ec2025SEG004OF,Judge No.2,Alice WALDER,Switzerland
ec2025SEG004OF,Judge No.3,Anna KANTOR,Israel
ec2025SEG004OF,Judge No.4,Karolina MATESA,Sweden
ec2025SEG004OF,Judge No.5,Florence VUYLSTEKER,France
ec2025SEG004OF,Judge No.6,Tiziana MORANDI,Italy
ec2025SEG004OF,Judge No.7,Jitka MOKRA,Czech Republic
ec2025SEG004OF,Judge No.8,Katharina HEUSINGER,Germany
ec2025SEG004OF,Judge No.9,Breda MARINSEK,Slovenia
wc2025SEG001OF,Judge No.1,Feng HUANG,China
wc2025SEG001OF,Judge No.2,Josip CEROVAC,Croatia
wc2025SEG001OF,Judge No.3,Anu NIINIRANTA,Finland
wc2025SEG001OF,Judge No.4,Anna KANTOR,Israel
wc2025SEG001OF,Judge No.5,Anthony LEROY,France
wc2025SEG001OF,Judge No.6,Tatiana YORDANOVA,Bulgaria
wc2025SEG001OF,Judge No.7,Claire SHEPHERD,Great Britain
wc2025SEG001OF,Judge No.8,Kadi ZVIRIK,Estonia
wc2025SEG001OF,Judge No.9,Laila DAVIDSSON,Sweden
wc2025SEG002OF,Judge No.1,Josip CEROVAC,Croatia
wc2025SEG002OF,Judge No.2,Akos PETHES,Hungary
wc2025SEG002OF,Judge No.3,Anna KANTOR,Israel
wc2025SEG002OF,Judge No.4,Elke TREITZ,Germany
wc2025SEG002OF,Judge No.5,Anu NIINIRANTA,Finland
wc2025SEG002OF,Judge No.6,Stanislava SMIDOVA,Czech Republic
wc2025SEG002OF,Judge No.7,Claire SHEPHERD,Great Britain
wc2025SEG002OF,Judge No.8,Kadi ZVIRIK,Estonia
wc2025SEG002OF,Judge No.9,Agita ABELE,Latvia
wc2025SEG003OF,Judge No.1,Albert ZAYDMAN,Israel
wc2025SEG003OF,Judge No.2,Hedviga FIALKOVA,Slovakia
wc2025SEG003OF,Judge No.3,Miroslav MISUREC,Czech Republic
wc2025SEG003OF,Judge No.4,Florence VUYLSTEKER,France
wc2025SEG003OF,Judge No.5,Hege Rosto JENSEN,Norway
wc2025SEG003OF,Judge No.6,Prisca BINZ-MOSER,Switzerland
wc2025SEG003OF,Judge No.7,Ritsuko HORIUCHI,Japan
wc2025SEG003OF,Judge No.8,Massimo ORLANDINI,Italy
wc2025SEG003OF,Judge No.9,Marina BESCHEA,Romania
wc2025SEG004OF,Judge No.1,Katarina HENRIKSSON,Sweden
wc2025SEG004OF,Judge No.2,Miroslav MISUREC,Czech Republic
wc2025SEG004OF,Judge No.3,Massimo ORLANDINI,Italy
wc2025SEG004OF,Judge No.4,Prisca BINZ-MOSER,Switzerland
wc2025SEG004OF,Judge No.5,Ritsuko HORIUCHI,Japan
wc2025SEG004OF,Judge No.6,Francoise de RAPPARD,Belgium
wc2025SEG004OF,Judge No.7,Robert ROSENBLUTH,USA
wc2025SEG004OF,Judge No.8,Aniela HEBEL-SZMAK,Poland
wc2025SEG004OF,Judge No.9,Florence VUYLSTEKER,France
gpusa2024SEG001OF,Judge No.1,Agita ABELE,Latvia
gpusa2024SEG001OF,Judge No.2,Sasha MARTINEZ,Mexico
gpusa2024SEG001OF,Judge No.3,Patty KLEIN,Canada
gpusa2024SEG001OF,Judge No.4,Katalin BALCZO,Hungary
gpusa2024SEG001OF,Judge No.5,Anita BERNASCONI,Switzerland
gpusa2024SEG001OF,Judge No.6,Kevin ROSENSTEIN,USA
gpusa2024SEG001OF,Judge No.7,Yulia LEVSHUNOVA,Georgia
gpusa2024SEG001OF,Judge No.8,Richard KOSINA,Czech Republic
gpusa2024SEG001OF,Judge No.9,Veronique VERRUE,France
gpusa2024SEG002OF,Judge No.1,Agita ABELE,Latvia
gpusa2024SEG002OF,Judge No.2,Sasha MARTINEZ,Mexico
gpusa2024SEG002OF,Judge No.3,Patty KLEIN,Canada
gpusa2024SEG002OF,Judge No.4,Katalin BALCZO,Hungary
gpusa2024SEG002OF,Judge No.5,Anita BERNASCONI,Switzerland
gpusa2024SEG002OF,Judge No.6,Kevin ROSENSTEIN,USA
gpusa2024SEG002OF,Judge No.7,Yulia LEVSHUNOVA,Georgia
gpusa2024SEG002OF,Judge No.8,Richard KOSINA,Czech Republic
gpusa2024SEG002OF,Judge No.9,Veronique VERRUE,France
gpusa2024SEG003OF,Judge No.1,Tetsuo ABE,Japan
gpusa2024SEG003OF,Judge No.2,Chihee RHEE,South Korea
gpusa2024SEG003OF,Judge No.3,Kathaleen CUTONE,USA
gpusa2024SEG003OF,Judge No.4,Antony GREVISSE,Belgium
gpusa2024SEG003OF,Judge No.5,Claudia STAHNKE,Germany
gpusa2024SEG003OF,Judge No.6,Agita ABELE,Latvia
gpusa2024SEG003OF,Judge No.7,Anita BERNASCONI,Switzerland
gpusa2024SEG003OF,Judge No.8,Saara EHALT,Finland
gpusa2024SEG003OF,Judge No.9,Veronique VERRUE,France
gpusa2024SEG004OF,Judge No.1,Tetsuo ABE,Japan
gpusa2024SEG004OF,Judge No.2,Chihee RHEE,South Korea
gpusa2024SEG004OF,Judge No.3,Kathaleen CUTONE,USA
gpusa2024SEG004OF,Judge No.4,Antony GREVISSE,Belgium
gpusa2024SEG004OF,Judge No.5,Claudia STAHNKE,Germany
gpusa2024SEG004OF,Judge No.6,Agita ABELE,Latvia
gpusa2024SEG004OF,Judge No.7,Anita BERNASCONI,Switzerland
gpusa2024SEG004OF,Judge No.8,Saara EHALT,Finland
gpusa2024SEG004OF,Judge No.9,Veronique VERRUE,France
gpcan2024SEG001OF,Judge No.1,Florence VUYLSTEKER,France
gpcan2024SEG001OF,Judge No.2,Yury KLIUSHNIKOV,Azerbaijan
gpcan2024SEG001OF,Judge No.3,Yoko KUNO,Japan
gpcan2024SEG001OF,Judge No.4,Robert ROSENBLUTH,USA
gpcan2024SEG001OF,Judge No.5,Nadezhda PARETSKAIA,Kazakhstan
gpcan2024SEG001OF,Judge No.6,Peter VOTH,Germany
gpcan2024SEG001OF,Judge No.7,Deborah ISLAM,Canada
gpcan2024SEG001OF,Judge No.8,Virginia de AGOSTINI,Italy
gpcan2024SEG001OF,Judge No.9,Angelique CLYDE-SMITH,Australia
gpcan2024SEG002OF,Judge No.1,Florence VUYLSTEKER,France
gpcan2024SEG002OF,Judge No.2,Yury KLIUSHNIKOV,Azerbaijan
gpcan2024SEG002OF,Judge No.3,Yoko KUNO,Japan
gpcan2024SEG002OF,Judge No.4,Robert ROSENBLUTH,USA
gpcan2024SEG002OF,Judge No.5,Nadezhda PARETSKAIA,Kazakhstan
gpcan2024SEG002OF,Judge No.6,Peter VOTH,Germany
gpcan2024SEG002OF,Judge No.7,Deborah ISLAM,Canada
gpcan2024SEG002OF,Judge No.8,Virginia de AGOSTINI,Italy
gpcan2024SEG002OF,Judge No.9,Angelique CLYDE-SMITH,Australia
gpcan2024SEG003OF,Judge No.1,Aniela HEBEL-SZMAK,Poland
gpcan2024SEG003OF,Judge No.2,Florence VUYLSTEKER,France
gpcan2024SEG003OF,Judge No.3,Karen HOWARD,Canada
gpcan2024SEG003OF,Judge No.4,Zuzana PLESNIKOVA,Czech Republic
gpcan2024SEG003OF,Judge No.5,Daniella KARSIJNS,Netherlands
gpcan2024SEG003OF,Judge No.6,Nadezhda PARETSKAIA,Kazakhstan
gpcan2024SEG003OF,Judge No.7,Yoko KUNO,Japan
gpcan2024SEG003OF,Judge No.8,Donatella LEONELLI,Switzerland
gpcan2024SEG003OF,Judge No.9,Robert ROSENBLUTH,USA
gpcan2024SEG004OF,Judge No.1,Aniela HEBEL-SZMAK,Poland
gpcan2024SEG004OF,Judge No.2,Florence VUYLSTEKER,France
gpcan2024SEG004OF,Judge No.3,Karen HOWARD,Canada
gpcan2024SEG004OF,Judge No.4,Zuzana PLESNIKOVA,Czech Republic
gpcan2024SEG004OF,Judge No.5,Daniella KARSIJNS,Netherlands
gpcan2024SEG004OF,Judge No.6,Nadezhda PARETSKAIA,Kazakhstan
gpcan2024SEG004OF,Judge No.7,Yoko KUNO,Japan
gpcan2024SEG004OF,Judge No.8,Donatella LEONELLI,Switzerland
gpcan2024SEG004OF,Judge No.9,Robert ROSENBLUTH,USA
gpfra2024SEG001OF,Judge No.1,Makoto KANO,Japan
gpfra2024SEG001OF,Judge No.2,Regina SHAMSHILOVA,Kazakhstan
gpfra2024SEG001OF,Judge No.3,Jelena GALIMOVA,Estonia
gpfra2024SEG001OF,Judge No.4,Hailan JIANG,China
gpfra2024SEG001OF,Judge No.5,Bettina MEIER,Switzerland
gpfra2024SEG001OF,Judge No.6,Gloria MORANDI,Italy
gpfra2024SEG001OF,Judge No.7,Leslie KEEN,Canada
gpfra2024SEG001OF,Judge No.8,Anthony LEROY,France
gpfra2024SEG001OF,Judge No.9,Stefanie MATHEWSON,USA
gpfra2024SEG002OF,Judge No.1,Makoto KANO,Japan
gpfra2024SEG002OF,Judge No.2,Regina SHAMSHILOVA,Kazakhstan
gpfra2024SEG002OF,Judge No.3,Jelena GALIMOVA,Estonia
gpfra2024SEG002OF,Judge No.4,Hailan JIANG,China
gpfra2024SEG002OF,Judge No.5,Bettina MEIER,Switzerland
gpfra2024SEG002OF,Judge No.6,Gloria MORANDI,Italy
gpfra2024SEG002OF,Judge No.7,Leslie KEEN,Canada
gpfra2024SEG002OF,Judge No.8,Anthony LEROY,France
gpfra2024SEG002OF,Judge No.9,Stefanie MATHEWSON,USA
gpfra2024SEG003OF,Judge No.1,Stefanie MATHEWSON,USA
gpfra2024SEG003OF,Judge No.2,Makoto KANO,Japan
gpfra2024SEG003OF,Judge No.3,Kyung Won SAKONG,South Korea
gpfra2024SEG003OF,Judge No.4,Albert SAADI,Monaco
gpfra2024SEG003OF,Judge No.5,Erica TOPOLSKI,Canada
gpfra2024SEG003OF,Judge No.6,Ludwig CZOCZEK,Germany
gpfra2024SEG003OF,Judge No.7,Francoise de RAPPARD,Belgium
gpfra2024SEG003OF,Judge No.8,Isabelle PEROLINI,France
gpfra2024SEG003OF,Judge No.9,Bettina MEIER,Switzerland
gpfra2024SEG004OF,Judge No.1,Stefanie MATHEWSON,USA
gpfra2024SEG004OF,Judge No.2,Makoto KANO,Japan
gpfra2024SEG004OF,Judge No.3,Kyung Won SAKONG,South Korea
gpfra2024SEG004OF,Judge No.4,Albert SAADI,Monaco
gpfra2024SEG004OF,Judge No.5,Erica TOPOLSKI,Canada
gpfra2024SEG004OF,Judge No.6,Ludwig CZOCZEK,Germany
gpfra2024SEG004OF,Judge No.7,Francoise de RAPPARD,Belgium
gpfra2024SEG004OF,Judge No.8,Isabelle PEROLINI,France
gpfra2024SEG004OF,Judge No.9,Bettina MEIER,Switzerland
gpjpn2024SEG001OF,Judge No.1,Eddy WU,Taiwan
gpjpn2024SEG001OF,Judge No.2,Yury KLIUSHNIKOV,Azerbaijan
gpjpn2024SEG001OF,Judge No.3,Jung Sue LEE,South Korea
gpjpn2024SEG001OF,Judge No.4,Ayumi ONO,Japan
gpjpn2024SEG001OF,Judge No.5,Peggy GRAHAM,USA
gpjpn2024SEG001OF,Judge No.6,Anna KANTOR,Israel
gpjpn2024SEG001OF,Judge No.7,Marco BUTTARELLI,Italy
gpjpn2024SEG001OF,Judge No.8,Sabrina WONG,Canada
gpjpn2024SEG001OF,Judge No.9,Kadi ZVIRIK,Estonia
gpjpn2024SEG002OF,Judge No.1,Eddy WU,Taiwan
gpjpn2024SEG002OF,Judge No.2,Yury KLIUSHNIKOV,Azerbaijan
gpjpn2024SEG002OF,Judge No.3,Jung Sue LEE,South Korea
gpjpn2024SEG002OF,Judge No.4,Ayumi ONO,Japan
gpjpn2024SEG002OF,Judge No.5,Peggy GRAHAM,USA
gpjpn2024SEG002OF,Judge No.6,Anna KANTOR,Israel
gpjpn2024SEG002OF,Judge No.7,Marco BUTTARELLI,Italy
gpjpn2024SEG002OF,Judge No.8,Sabrina WONG,Canada
gpjpn2024SEG002OF,Judge No.9,Kadi ZVIRIK,Estonia
gpjpn2024SEG003OF,Judge No.1,Peggy GRAHAM,USA
gpjpn2024SEG003OF,Judge No.2,Etsuko AZUMA,Japan
gpjpn2024SEG003OF,Judge No.3,Laimute KRAUZIENE,Lithuania
gpjpn2024SEG003OF,Judge No.4,Marco BUTTARELLI,Italy
gpjpn2024SEG003OF,Judge No.5,Anna SIEROCKA,Poland
gpjpn2024SEG003OF,Judge No.6,Jung Sue LEE,South Korea
gpjpn2024SEG003OF,Judge No.7,Attila SOOS,Hungary
gpjpn2024SEG003OF,Judge No.8,Hermi OTTEMANN,Netherlands
gpjpn2024SEG003OF,Judge No.9,Kadi ZVIRIK,Estonia
gpjpn2024SEG004OF,Judge No.1,Peggy GRAHAM,USA
gpjpn2024SEG004OF,Judge No.2,Etsuko AZUMA,Japan
gpjpn2024SEG004OF,Judge No.3,Laimute KRAUZIENE,Lithuania
gpjpn2024SEG004OF,Judge No.4,Marco BUTTARELLI,Italy
gpjpn2024SEG004OF,Judge No.5,Anna SIEROCKA,Poland
gpjpn2024SEG004OF,Judge No.6,Jung Sue LEE,South Korea
gpjpn2024SEG004OF,Judge No.7,Attila SOOS,Hungary
gpjpn2024SEG004OF,Judge No.8,Hermi OTTEMANN,Netherlands
gpjpn2024SEG004OF,Judge No.9,Kadi ZVIRIK,Estonia
gpfin2024SEG001OF,Judge No.1,Raffaella LOCATELLI,Italy
gpfin2024SEG001OF,Judge No.2,So Young AN,South Korea
gpfin2024SEG001OF,Judge No.3,Jelena GALIMOVA,Estonia
gpfin2024SEG001OF,Judge No.4,Anu NIINIRANTA,Finland
gpfin2024SEG001OF,Judge No.5,Ritsuko HORIUCHI,Japan
gpfin2024SEG001OF,Judge No.6,Anthony LEROY,France
gpfin2024SEG001OF,Judge No.7,Kristina LUNDGREN,USA
gpfin2024SEG001OF,Judge No.8,Christine BLANC,Switzerland
gpfin2024SEG001OF,Judge No.9,Magdalena RUSIECKA,Poland
gpfin2024SEG002OF,Judge No.1,Raffaella LOCATELLI,Italy
gpfin2024SEG002OF,Judge No.2,So Young AN,South Korea
gpfin2024SEG002OF,Judge No.3,Jelena GALIMOVA,Estonia
gpfin2024SEG002OF,Judge No.4,Anu NIINIRANTA,Finland
gpfin2024SEG002OF,Judge No.5,Ritsuko HORIUCHI,Japan
gpfin2024SEG002OF,Judge No.6,Anthony LEROY,France
gpfin2024SEG002OF,Judge No.7,Kristina LUNDGREN,USA
gpfin2024SEG002OF,Judge No.8,Christine BLANC,Switzerland
gpfin2024SEG002OF,Judge No.9,Magdalena RUSIECKA,Poland
gpfin2024SEG003OF,Judge No.1,Marjo KANKAANRANTA,Finland
gpfin2024SEG003OF,Judge No.2,Ann MUESING,Belgium
gpfin2024SEG003OF,Judge No.3,Kristina LUNDGREN,USA
gpfin2024SEG003OF,Judge No.4,Jelena GALIMOVA,Estonia
gpfin2024SEG003OF,Judge No.5,So Young AN,South Korea
gpfin2024SEG003OF,Judge No.6,Ritsuko HORIUCHI,Japan
gpfin2024SEG003OF,Judge No.7,Anthony LEROY,France
gpfin2024SEG003OF,Judge No.8,Noemi STIPKOVITS,Hungary
gpfin2024SEG003OF,Judge No.9,Vera TAUCHMANOVA,Czech Republic
gpfin2024SEG004OF,Judge No.1,Marjo KANKAANRANTA,Finland
gpfin2024SEG004OF,Judge No.2,Ann MUESING,Belgium
gpfin2024SEG004OF,Judge No.3,Kristina LUNDGREN,USA
gpfin2024SEG004OF,Judge No.4,Jelena GALIMOVA,Estonia
gpfin2024SEG004OF,Judge No.5,So Young AN,South Korea
gpfin2024SEG004OF,Judge No.6,Ritsuko HORIUCHI,Japan
gpfin2024SEG004OF,Judge No.7,Anthony LEROY,France
gpfin2024SEG004OF,Judge No.8,Noemi STIPKOVITS,Hungary
gpfin2024SEG004OF,Judge No.9,Vera TAUCHMANOVA,Czech Republic
gpchn2024SEG001OF,Judge No.1,Carmen LAUN,Germany
gpchn2024SEG001OF,Judge No.2,Soo Kyung LEE,South Korea
gpchn2024SEG001OF,Judge No.3,Fan YANG,China
gpchn2024SEG001OF,Judge No.4,Nadezhda PARETSKAIA,Kazakhstan
gpchn2024SEG001OF,Judge No.5,Walter TOIGO,Italy
gpchn2024SEG001OF,Judge No.6,Reaghan FORTIN,Canada
gpchn2024SEG001OF,Judge No.7,Melanie PRAGUE,France
gpchn2024SEG001OF,Judge No.8,Ayako SHIMODE,Japan
gpchn2024SEG001OF,Judge No.9,Irina KOMARNICKA,Latvia
gpchn2024SEG002OF,Judge No.1,Carmen LAUN,Germany
gpchn2024SEG002OF,Judge No.2,Soo Kyung LEE,South Korea
gpchn2024SEG002OF,Judge No.3,Fan YANG,China
gpchn2024SEG002OF,Judge No.4,Nadezhda PARETSKAIA,Kazakhstan
gpchn2024SEG002OF,Judge No.5,Walter TOIGO,Italy
gpchn2024SEG002OF,Judge No.6,Reaghan FORTIN,Canada
gpchn2024SEG002OF,Judge No.7,Melanie PRAGUE,France
gpchn2024SEG002OF,Judge No.8,Ayako SHIMODE,Japan
gpchn2024SEG002OF,Judge No.9,Irina KOMARNICKA,Latvia
gpchn2024SEG003OF,Judge No.1,Hui LIU,China
gpchn2024SEG003OF,Judge No.2,Carmen LAUN,Germany
gpchn2024SEG003OF,Judge No.3,Massimo ORLANDINI,Italy
gpchn2024SEG003OF,Judge No.4,Albert ZAYDMAN,Israel
gpchn2024SEG003OF,Judge No.5,Soo Kyung LEE,South Korea
gpchn2024SEG003OF,Judge No.6,Deborah CURRIE,USA
gpchn2024SEG003OF,Judge No.7,Prisca BINZ-MOSER,Switzerland
gpchn2024SEG003OF,Judge No.8,Limin JAO,Canada
gpchn2024SEG003OF,Judge No.9,Ayako SHIMODE,Japan
gpchn2024SEG004OF,Judge No.1,Hui LIU,China
gpchn2024SEG004OF,Judge No.2,Carmen LAUN,Germany
gpchn2024SEG004OF,Judge No.3,Massimo ORLANDINI,Italy
gpchn2024SEG004OF,Judge No.4,Albert ZAYDMAN,Israel
gpchn2024SEG004OF,Judge No.5,Soo Kyung LEE,South Korea
gpchn2024SEG004OF,Judge No.6,Deborah CURRIE,USA
gpchn2024SEG004OF,Judge No.7,Prisca BINZ-MOSER,Switzerland
gpchn2024SEG004OF,Judge No.8,Limin JAO,Canada
gpchn2024SEG004OF,Judge No.9,Ayako SHIMODE,Japan
gpf2024SEG001OF,Judge No.1,Peggy GRAHAM,USA
gpf2024SEG001OF,Judge No.2,Susan PETRICEVIC,New Zealand
gpf2024SEG001OF,Judge No.3,Hedviga FIALKOVA,Slovakia
gpf2024SEG001OF,Judge No.4,Raffaella LOCATELLI,Italy
gpf2024SEG001OF,Judge No.5,Elke TREITZ,Germany
gpf2024SEG001OF,Judge No.6,Pia ALHONEN,Finland
gpf2024SEG001OF,Judge No.7,Ayumi ONO,Japan
gpf2024SEG001OF,Judge No.8,Jung Sue LEE,South Korea
gpf2024SEG001OF,Judge No.9,Philippe MERIGUET,France
gpf2024SEG002OF,Judge No.1,Peggy GRAHAM,USA
gpf2024SEG002OF,Judge No.2,Susan PETRICEVIC,New Zealand
gpf2024SEG002OF,Judge No.3,Hedviga FIALKOVA,Slovakia
gpf2024SEG002OF,Judge No.4,Raffaella LOCATELLI,Italy
gpf2024SEG002OF,Judge No.5,Elke TREITZ,Germany
gpf2024SEG002OF,Judge No.6,Pia ALHONEN,Finland
gpf2024SEG002OF,Judge No.7,Ayumi ONO,Japan
gpf2024SEG002OF,Judge No.8,Jung Sue LEE,South Korea
gpf2024SEG002OF,Judge No.9,Philippe MERIGUET,France
gpf2024SEG003OF,Judge No.1,Hedviga FIALKOVA,Slovakia
gpf2024SEG003OF,Judge No.2,Jung Sue LEE,South Korea
gpf2024SEG003OF,Judge No.3,Yu WANG,China
gpf2024SEG003OF,Judge No.4,Melanie PRAGUE,France
gpf2024SEG003OF,Judge No.5,Yuko OGAWA,Japan
gpf2024SEG003OF,Judge No.6,Andrea DERBY,Canada
gpf2024SEG003OF,Judge No.7,Iryna MEDVEDIEVA,Ukraine
gpf2024SEG003OF,Judge No.8,Stefanie MATHEWSON,USA
gpf2024SEG003OF,Judge No.9,Pia ALHONEN,Finland
gpf2024SEG004OF,Judge No.1,Hedviga FIALKOVA,Slovakia
gpf2024SEG004OF,Judge No.2,Jung Sue LEE,South Korea
gpf2024SEG004OF,Judge No.3,Yu WANG,China
gpf2024SEG004OF,Judge No.4,Melanie PRAGUE,France
gpf2024SEG004OF,Judge No.5,Yuko OGAWA,Japan
gpf2024SEG004OF,Judge No.6,Andrea DERBY,Canada
gpf2024SEG004OF,Judge No.7,Iryna MEDVEDIEVA,Ukraine
gpf2024SEG004OF,Judge No.8,Stefanie MATHEWSON,USA
gpf2024SEG004OF,Judge No.9,Pia ALHONEN,Finland
fc2024SEG001OF,Judge No.1,Karen HOWARD,Canada
fc2024SEG001OF,Judge No.2,Ariadna MORONES NEGRETE,Mexico
fc2024SEG001OF,Judge No.3,Peggy GRAHAM,USA
fc2024SEG001OF,Judge No.4,Claudia BRAMBATI,Italy
fc2024SEG001OF,Judge No.5,Ayumi ONO,Japan
fc2024SEG001OF,Judge No.6,Edward Ka-Yin CHOW,Hong Kong
fc2024SEG001OF,Judge No.7,Dan FANG,China
fc2024SEG001OF,Judge No.8,Katherine Evelyn du PREEZ,Autralia
fc2024SEG001OF,Judge No.9,Margery HILKO,Ireland
fc2024SEG002OF,Judge No.1,Ariadna MORONES NEGRETE,Mexico
fc2024SEG002OF,Judge No.2,Claudia BRAMBATI,Italy
fc2024SEG002OF,Judge No.3,Karen HOWARD,Canada
fc2024SEG002OF,Judge No.4,Katherine Evelyn du PREEZ,Autralia
fc2024SEG002OF,Judge No.5,Tineke POSNO,Netherlands
fc2024SEG002OF,Judge No.6,Edward Ka-Yin CHOW,Hong Kong
fc2024SEG002OF,Judge No.7,Ayumi ONO,Japan
fc2024SEG002OF,Judge No.8,Dan FANG,China
fc2024SEG002OF,Judge No.9,Peggy GRAHAM,USA
fc2024SEG003OF,Judge No.1,Nobuhiko YOSHIOKA,Japan
fc2024SEG003OF,Judge No.2,Sasha MARTINEZ,Mexico
fc2024SEG003OF,Judge No.3,Andrew BOSCO,Canada
fc2024SEG003OF,Judge No.4,Dan CHEN,Hong Kong
fc2024SEG003OF,Judge No.5,Saodat NUMANOVA,Uzbekistan
fc2024SEG003OF,Judge No.6,Jung Sue LEE,South Korea
fc2024SEG003OF,Judge No.7,Kylie Anne YACOPETTI,Australia
fc2024SEG003OF,Judge No.8,Stefanie MATHEWSON,USA
fc2024SEG003OF,Judge No.9,Yumin WANG,China
fc2024SEG004OF,Judge No.1,Andrew BOSCO,Canada
fc2024SEG004OF,Judge No.2,Kylie Anne YACOPETTI,Australia
fc2024SEG004OF,Judge No.3,Saodat NUMANOVA,Uzbekistan
fc2024SEG004OF,Judge No.4,Dan CHEN,Hong Kong
fc2024SEG004OF,Judge No.5,Yumin WANG,China
fc2024SEG004OF,Judge No.6,Sasha MARTINEZ,Mexico
fc2024SEG004OF,Judge No.7,Stefanie MATHEWSON,USA
fc2024SEG004OF,Judge No.8,Jung Sue LEE,South Korea
fc2024SEG004OF,Judge No.9,Nobuhiko YOSHIOKA,Japan
ec2024SEG001OF,Judge No.1,Angelika ULLM,Germany
ec2024SEG001OF,Judge No.2,Anna KANTOR,Israel
ec2024SEG001OF,Judge No.3,Agnieszka SWIDERSKA,Poland
ec2024SEG001OF,Judge No.4,Alice WALDER,Switzerland
ec2024SEG001OF,Judge No.5,Anu NIINIRANTA,Finland
ec2024SEG001OF,Judge No.6,Agita ABELE,Latvia
ec2024SEG001OF,Judge No.7,Zanna KULIK,Estonia
ec2024SEG001OF,Judge No.8,Margery HILKO,Ireland
ec2024SEG001OF,Judge No.9,Natalia KRUGLOVA,Ukraine
ec2024SEG002OF,Judge No.1,Helene CUCUPHAT,France
ec2024SEG002OF,Judge No.2,Andrea SIMANCIKOVA,Slovakia
ec2024SEG002OF,Judge No.3,Agita ABELE,Latvia
ec2024SEG002OF,Judge No.4,Anna KANTOR,Israel
ec2024SEG002OF,Judge No.5,Katarina HENRIKSSON,Sweden
ec2024SEG002OF,Judge No.6,Zanna KULIK,Estonia
ec2024SEG002OF,Judge No.7,Margery HILKO,Ireland
ec2024SEG002OF,Judge No.8,Alice WALDER,Switzerland
ec2024SEG002OF,Judge No.9,Senem AHISKAL,Turkey
ec2024SEG003OF,Judge No.1,Anastasia PAPAGIANNOPOULOU,Greece
ec2024SEG003OF,Judge No.2,Hedviga FIALKOVA,Slovakia
ec2024SEG003OF,Judge No.3,Mary CHAPMAN,Great Britain
ec2024SEG003OF,Judge No.4,Aniela HEBEL-SZMAK,Poland
ec2024SEG003OF,Judge No.5,Salome CHIGOGIDZE,Georgia
ec2024SEG003OF,Judge No.6,Edith SCHILLER,Austria
ec2024SEG003OF,Judge No.7,Slobodan DELIC,Serbia
ec2024SEG003OF,Judge No.8,Francoise de RAPPARD,Belgium
ec2024SEG003OF,Judge No.9,Pernilla BOHLING,Finland
ec2024SEG004OF,Judge No.1,Aniela HEBEL-SZMAK,Poland
ec2024SEG004OF,Judge No.2,Salome CHIGOGIDZE,Georgia
ec2024SEG004OF,Judge No.3,Slobodan DELIC,Serbia
ec2024SEG004OF,Judge No.4,Edith SCHILLER,Austria
ec2024SEG004OF,Judge No.5,Francoise de RAPPARD,Belgium
ec2024SEG004OF,Judge No.6,Mary CHAPMAN,Great Britain
ec2024SEG004OF,Judge No.7,Anastasia PAPAGIANNOPOULOU,Greece
ec2024SEG004OF,Judge No.8,Hedviga FIALKOVA,Slovakia
ec2024SEG004OF,Judge No.9,Pernilla BOHLING,Finland
wc2024SEG001OF,Judge No.1,Helene CUCUPHAT,France
wc2024SEG001OF,Judge No.2,Bernhard JUST,Austria
wc2024SEG001OF,Judge No.3,Anna KANTOR,Israel
wc2024SEG001OF,Judge No.4,Christine BLANC,Switzerland
wc2024SEG001OF,Judge No.5,Ebru ANILDI,Turkey
wc2024SEG001OF,Judge No.6,Natalia KRUGLOVA,Ukraine
wc2024SEG001OF,Judge No.7,Daniel DELFA,Spain
wc2024SEG001OF,Judge No.8,Tatiana YORDANOVA,Bulgaria
wc2024SEG001OF,Judge No.9,Asa NORDBACK,Sweden
wc2024SEG002OF,Judge No.1,Helene CUCUPHAT,France
wc2024SEG002OF,Judge No.2,Lovorka KODRIN,Croatia
wc2024SEG002OF,Judge No.3,Yury KLIUSHNIKOV,Azerbaijan
wc2024SEG002OF,Judge No.4,Leslie KEEN,Canada
wc2024SEG002OF,Judge No.5,Asa NORDBACK,Sweden
wc2024SEG002OF,Judge No.6,Bernhard JUST,Austria
wc2024SEG002OF,Judge No.7,Anna KANTOR,Israel
wc2024SEG002OF,Judge No.8,So Young AN,South Korea
wc2024SEG002OF,Judge No.9,Daniel DELFA,Spain
wc2024SEG003OF,Judge No.1,Andrea SIMANCIKOVA,Slovakia
wc2024SEG003OF,Judge No.2,Vessela POPOVA,Bulgaria
wc2024SEG003OF,Judge No.3,Tiziana MORANDI,Italy
wc2024SEG003OF,Judge No.4,Zsuzsanna VIKARNE-HOMOLYA,Hungary
wc2024SEG003OF,Judge No.5,Anna SIEROCKA,Poland
wc2024SEG003OF,Judge No.6,Lise Rosto JENSEN,Norway
wc2024SEG003OF,Judge No.7,Agita ABELE,Latvia
wc2024SEG003OF,Judge No.8,Ayumi ONO,Japan
wc2024SEG003OF,Judge No.9,Beth CRANE,Canada
wc2024SEG004OF,Judge No.1,Marina BESCHEA,Romania
wc2024SEG004OF,Judge No.2,Tiziana MORANDI,Italy
wc2024SEG004OF,Judge No.3,Pekka LESKINEN,Finland
wc2024SEG004OF,Judge No.4,Anna SIEROCKA,Poland
wc2024SEG004OF,Judge No.5,Deborah CURRIE,USA
wc2024SEG004OF,Judge No.6,Jung Sue LEE,South Korea
wc2024SEG004OF,Judge No.7,Beth CRANE,Canada
wc2024SEG004OF,Judge No.8,Agita ABELE,Latvia
wc2024SEG004OF,Judge No.9,Zsuzsanna VIKARNE-HOMOLYA,Hungary
gpusa2023SEG001OF,Judge No.1,Deveny DECK,USA
gpusa2023SEG001OF,Judge No.2,Yulia LEVSHUNOVA,Georgia
gpusa2023SEG001OF,Judge No.3,Nicole LEBLANC-RICHARD,Canada
gpusa2023SEG001OF,Judge No.4,Yuko OGAWA,Japan
gpusa2023SEG001OF,Judge No.5,Agita ABELE,Latvia
gpusa2023SEG001OF,Judge No.6,Yury KLIUSHNIKOV,Azerbaijan
gpusa2023SEG001OF,Judge No.7,Antony GREVISSE,Belgium
gpusa2023SEG001OF,Judge No.8,Laila DAVIDSSON,Sweden
gpusa2023SEG001OF,Judge No.9,Florence VUYLSTEKER,France
gpusa2023SEG002OF,Judge No.1,Deveny DECK,USA
gpusa2023SEG002OF,Judge No.2,Yulia LEVSHUNOVA,Georgia
gpusa2023SEG002OF,Judge No.3,Nicole LEBLANC-RICHARD,Canada
gpusa2023SEG002OF,Judge No.4,Yuko OGAWA,Japan
gpusa2023SEG002OF,Judge No.5,Agita ABELE,Latvia
gpusa2023SEG002OF,Judge No.6,Yury KLIUSHNIKOV,Azerbaijan
gpusa2023SEG002OF,Judge No.7,Antony GREVISSE,Belgium
gpusa2023SEG002OF,Judge No.8,Laila DAVIDSSON,Sweden
gpusa2023SEG002OF,Judge No.9,Florence VUYLSTEKER,France
gpusa2023SEG003OF,Judge No.1,Wendy ENZMANN,USA
gpusa2023SEG003OF,Judge No.2,Yuko OGAWA,Japan
gpusa2023SEG003OF,Judge No.3,Nicole van GERWEN-MAAS,Netherlands
gpusa2023SEG003OF,Judge No.4,Agnieszka SWIDERSKA,Poland
gpusa2023SEG003OF,Judge No.5,So Young AN,South Korea
gpusa2023SEG003OF,Judge No.6,Antony GREVISSE,Belgium
gpusa2023SEG003OF,Judge No.7,Kadi ZVIRIK,Estonia
gpusa2023SEG003OF,Judge No.8,Hui LIU,China
gpusa2023SEG003OF,Judge No.9,Virginia de AGOSTINI,Italy
gpusa2023SEG004OF,Judge No.1,Wendy ENZMANN,USA
gpusa2023SEG004OF,Judge No.2,Yuko OGAWA,Japan
gpusa2023SEG004OF,Judge No.3,Nicole van GERWEN-MAAS,Netherlands
gpusa2023SEG004OF,Judge No.4,Agnieszka SWIDERSKA,Poland
gpusa2023SEG004OF,Judge No.5,So Young AN,South Korea
gpusa2023SEG004OF,Judge No.6,Antony GREVISSE,Belgium
gpusa2023SEG004OF,Judge No.7,Kadi ZVIRIK,Estonia
gpusa2023SEG004OF,Judge No.8,Hui LIU,China
gpusa2023SEG004OF,Judge No.9,Virginia de AGOSTINI,Italy
gpcan2023SEG001OF,Judge No.1,Yoko KUNO,Japan
gpcan2023SEG001OF,Judge No.2,Zanna KULIK,Estonia
gpcan2023SEG001OF,Judge No.3,Anna KANTOR,Israel
gpcan2023SEG001OF,Judge No.4,Kerstin KIMMINUS,Germany
gpcan2023SEG001OF,Judge No.5,Deborah CURRIE,USA
gpcan2023SEG001OF,Judge No.6,Nadezhda PARETSKAIA,Kazakhstan
gpcan2023SEG001OF,Judge No.7,Pinuccia FERRARIO,Italy
gpcan2023SEG001OF,Judge No.8,Reaghan FORTIN,Canada
gpcan2023SEG001OF,Judge No.9,Jung Sue LEE,South Korea
gpcan2023SEG002OF,Judge No.1,Yoko KUNO,Japan
gpcan2023SEG002OF,Judge No.2,Zanna KULIK,Estonia
gpcan2023SEG002OF,Judge No.3,Anna KANTOR,Israel
gpcan2023SEG002OF,Judge No.4,Kerstin KIMMINUS,Germany
gpcan2023SEG002OF,Judge No.5,Deborah CURRIE,USA
gpcan2023SEG002OF,Judge No.6,Nadezhda PARETSKAIA,Kazakhstan
gpcan2023SEG002OF,Judge No.7,Pinuccia FERRARIO,Italy
gpcan2023SEG002OF,Judge No.8,Reaghan FORTIN,Canada
gpcan2023SEG002OF,Judge No.9,Jung Sue LEE,South Korea
gpcan2023SEG003OF,Judge No.1,Eva SZILAGYI,Hungary
gpcan2023SEG003OF,Judge No.2,Jung Sue LEE,South Korea
gpcan2023SEG003OF,Judge No.3,Ernestien BAKKER,Netherlands
gpcan2023SEG003OF,Judge No.4,Deborah CURRIE,USA
gpcan2023SEG003OF,Judge No.5,Pinuccia FERRARIO,Italy
gpcan2023SEG003OF,Judge No.6,Karen Anne HARRIS,Australia
gpcan2023SEG003OF,Judge No.7,Yoko KUNO,Japan
gpcan2023SEG003OF,Judge No.8,Andreas WALDECK,Germany
gpcan2023SEG003OF,Judge No.9,Beth CRANE,Canada
gpcan2023SEG004OF,Judge No.1,Eva SZILAGYI,Hungary
gpcan2023SEG004OF,Judge No.2,Jung Sue LEE,South Korea
gpcan2023SEG004OF,Judge No.3,Ernestien BAKKER,Netherlands
gpcan2023SEG004OF,Judge No.4,Deborah CURRIE,USA
gpcan2023SEG004OF,Judge No.5,Pinuccia FERRARIO,Italy
gpcan2023SEG004OF,Judge No.6,Karen Anne HARRIS,Australia
gpcan2023SEG004OF,Judge No.7,Yoko KUNO,Japan
gpcan2023SEG004OF,Judge No.8,Andreas WALDECK,Germany
gpcan2023SEG004OF,Judge No.9,Beth CRANE,Canada
gpfra2023SEG001OF,Judge No.1,Helene CUCUPHAT,France
gpfra2023SEG001OF,Judge No.2,Rolf PIPOH,Germany
gpfra2023SEG001OF,Judge No.3,Robert ROSENBLUTH,USA
gpfra2023SEG001OF,Judge No.4,Pekka LESKINEN,Finland
gpfra2023SEG001OF,Judge No.5,Nobuhiko YOSHIOKA,Japan
gpfra2023SEG001OF,Judge No.6,Yumin WANG,China
gpfra2023SEG001OF,Judge No.7,Claudia BRAMBATI,Italy
gpfra2023SEG001OF,Judge No.8,Hans-Ulrich LUETHI,Switzerland
gpfra2023SEG001OF,Judge No.9,Marta OLOZAGARRE,Spain
gpfra2023SEG002OF,Judge No.1,Helene CUCUPHAT,France
gpfra2023SEG002OF,Judge No.2,Rolf PIPOH,Germany
gpfra2023SEG002OF,Judge No.3,Robert ROSENBLUTH,USA
gpfra2023SEG002OF,Judge No.4,Pekka LESKINEN,Finland
gpfra2023SEG002OF,Judge No.5,Nobuhiko YOSHIOKA,Japan
gpfra2023SEG002OF,Judge No.6,Yumin WANG,China
gpfra2023SEG002OF,Judge No.7,Claudia BRAMBATI,Italy
gpfra2023SEG002OF,Judge No.8,Hans-Ulrich LUETHI,Switzerland
gpfra2023SEG002OF,Judge No.9,Marta OLOZAGARRE,Spain
gpfra2023SEG003OF,Judge No.1,Albert SAADI,Monaco
gpfra2023SEG003OF,Judge No.2,Robert ROSENBLUTH,USA
gpfra2023SEG003OF,Judge No.3,Melanie PRAGUE,France
gpfra2023SEG003OF,Judge No.4,Francoise de RAPPARD,Belgium
gpfra2023SEG003OF,Judge No.5,Chihee RHEE,South Korea
gpfra2023SEG003OF,Judge No.6,Nobuhiko YOSHIOKA,Japan
gpfra2023SEG003OF,Judge No.7,Pekka LESKINEN,Finland
gpfra2023SEG003OF,Judge No.8,Hans-Ulrich LUETHI,Switzerland
gpfra2023SEG003OF,Judge No.9,Rolf PIPOH,Germany
gpfra2023SEG004OF,Judge No.1,Albert SAADI,Monaco
gpfra2023SEG004OF,Judge No.2,Robert ROSENBLUTH,USA
gpfra2023SEG004OF,Judge No.3,Melanie PRAGUE,France
gpfra2023SEG004OF,Judge No.4,Francoise de RAPPARD,Belgium
gpfra2023SEG004OF,Judge No.5,Chihee RHEE,South Korea
gpfra2023SEG004OF,Judge No.6,Nobuhiko YOSHIOKA,Japan
gpfra2023SEG004OF,Judge No.7,Pekka LESKINEN,Finland
gpfra2023SEG004OF,Judge No.8,Hans-Ulrich LUETHI,Switzerland
gpfra2023SEG004OF,Judge No.9,Rolf PIPOH,Germany
gpjpn2023data0130,Judge No.1,Anita BERNASCONI,Switzerland
gpjpn2023data0130,Judge No.2,Limin JAO,Canada
gpjpn2023data0130,Judge No.3,Eric HAMPTON,USA
gpjpn2023data0130,Judge No.4,Mami MAEDA,Japan
gpjpn2023data0130,Judge No.5,Zanna KULIK,Estonia
gpjpn2023data0130,Judge No.6,Anthony LEROY,France
gpjpn2023data0130,Judge No.7,Walter TOIGO,Italy
gpjpn2023data0130,Judge No.8,Salome CHIGOGIDZE,Georgia
gpjpn2023data0130,Judge No.9,Irina KOMARNICKA,Latvia
gpjpn2023data0150,Judge No.1,Anita BERNASCONI,Switzerland
gpjpn2023data0150,Judge No.2,Limin JAO,Canada
gpjpn2023data0150,Judge No.3,Eric HAMPTON,USA
gpjpn2023data0150,Judge No.4,Mami MAEDA,Japan
gpjpn2023data0150,Judge No.5,Zanna KULIK,Estonia
gpjpn2023data0150,Judge No.6,Anthony LEROY,France
gpjpn2023data0150,Judge No.7,Walter TOIGO,Italy
gpjpn2023data0150,Judge No.8,Salome CHIGOGIDZE,Georgia
gpjpn2023data0150,Judge No.9,Irina KOMARNICKA,Latvia
gpjpn2023data0230,Judge No.1,Salome CHIGOGIDZE,Georgia
gpjpn2023data0230,Judge No.2,Merilyn VEKEMANS-van DUPPEN,Netherlands
gpjpn2023data0230,Judge No.3,Anthony LEROY,France
gpjpn2023data0230,Judge No.4,Angelika ULLM,Germany
gpjpn2023data0230,Judge No.5,Ann MUESING,Belgium
gpjpn2023data0230,Judge No.6,Anita BERNASCONI,Switzerland
gpjpn2023data0230,Judge No.7,Lorrie PARKER,USA
gpjpn2023data0230,Judge No.8,Yoon Kyung LEE,South Korea
gpjpn2023data0230,Judge No.9,Nobuhiko YOSHIOKA,Japan
gpjpn2023data0250,Judge No.1,Salome CHIGOGIDZE,Georgia
gpjpn2023data0250,Judge No.2,Merilyn VEKEMANS-van DUPPEN,Netherlands
gpjpn2023data0250,Judge No.3,Anthony LEROY,France
gpjpn2023data0250,Judge No.4,Angelika ULLM,Germany
gpjpn2023data0250,Judge No.5,Ann MUESING,Belgium
gpjpn2023data0250,Judge No.6,Anita BERNASCONI,Switzerland
gpjpn2023data0250,Judge No.7,Lorrie PARKER,USA
gpjpn2023data0250,Judge No.8,Yoon Kyung LEE,South Korea
gpjpn2023data0250,Judge No.9,Nobuhiko YOSHIOKA,Japan
gpfin2023SEG001OF,Judge No.1,Jelena GALIMOVA,Estonia
gpfin2023SEG001OF,Judge No.2,Yury KLIUSHNIKOV,Azerbaijan
gpfin2023SEG001OF,Judge No.3,Florence VUYLSTEKER,France
gpfin2023SEG001OF,Judge No.4,Kathaleen CUTONE,USA
gpfin2023SEG001OF,Judge No.5,Kyung Won SAKONG,South Korea
gpfin2023SEG001OF,Judge No.6,Karol PESCOSTA,Italy
gpfin2023SEG001OF,Judge No.7,Ayumi ONO,Japan
gpfin2023SEG001OF,Judge No.8,Marjo KANKAANRANTA,Finland
gpfin2023SEG001OF,Judge No.9,Asa NORDBACK,Sweden
gpfin2023SEG002OF,Judge No.1,Jelena GALIMOVA,Estonia
gpfin2023SEG002OF,Judge No.2,Yury KLIUSHNIKOV,Azerbaijan
gpfin2023SEG002OF,Judge No.3,Florence VUYLSTEKER,France
gpfin2023SEG002OF,Judge No.4,Kathaleen CUTONE,USA
gpfin2023SEG002OF,Judge No.5,Kyung Won SAKONG,South Korea
gpfin2023SEG002OF,Judge No.6,Karol PESCOSTA,Italy
gpfin2023SEG002OF,Judge No.7,Ayumi ONO,Japan
gpfin2023SEG002OF,Judge No.8,Marjo KANKAANRANTA,Finland
gpfin2023SEG002OF,Judge No.9,Asa NORDBACK,Sweden
gpfin2023SEG003OF,Judge No.1,Pia ALHONEN,Finland
gpfin2023SEG003OF,Judge No.2,Ayumi ONO,Japan
gpfin2023SEG003OF,Judge No.3,Christine BLANC,Switzerland
gpfin2023SEG003OF,Judge No.4,Florence VUYLSTEKER,France
gpfin2023SEG003OF,Judge No.5,Jelena GALIMOVA,Estonia
gpfin2023SEG003OF,Judge No.6,Jeroen PRINS,Netherlands
gpfin2023SEG003OF,Judge No.7,Kyung Won SAKONG,South Korea
gpfin2023SEG003OF,Judge No.8,Kathaleen CUTONE,USA
gpfin2023SEG003OF,Judge No.9,Rui ZHAO,China
gpfin2023SEG004OF,Judge No.1,Pia ALHONEN,Finland
gpfin2023SEG004OF,Judge No.2,Ayumi ONO,Japan
gpfin2023SEG004OF,Judge No.3,Christine BLANC,Switzerland
gpfin2023SEG004OF,Judge No.4,Florence VUYLSTEKER,France
gpfin2023SEG004OF,Judge No.5,Jelena GALIMOVA,Estonia
gpfin2023SEG004OF,Judge No.6,Jeroen PRINS,Netherlands
gpfin2023SEG004OF,Judge No.7,Kyung Won SAKONG,South Korea
gpfin2023SEG004OF,Judge No.8,Kathaleen CUTONE,USA
gpfin2023SEG004OF,Judge No.9,Rui ZHAO,China
gpchn2023SEG001OF,Judge No.1,Carmen LAUN,Germany
gpchn2023SEG001OF,Judge No.2,Miwako ANDO,Japan
gpchn2023SEG001OF,Judge No.3,Francis BETSCH,France
gpchn2023SEG001OF,Judge No.4,Nadezhda PARETSKAIA,Kazakhstan
gpchn2023SEG001OF,Judge No.5,Kevin ROSENSTEIN,USA
gpchn2023SEG001OF,Judge No.6,Massimo ORLANDINI,Italy
gpchn2023SEG001OF,Judge No.7,Yumin WANG,China
gpchn2023SEG001OF,Judge No.8,Kadi ZVIRIK,Estonia
gpchn2023SEG001OF,Judge No.9,Min Ah KIM,South Korea
gpchn2023SEG002OF,Judge No.1,Carmen LAUN,Germany
gpchn2023SEG002OF,Judge No.2,Miwako ANDO,Japan
gpchn2023SEG002OF,Judge No.3,Francis BETSCH,France
gpchn2023SEG002OF,Judge No.4,Nadezhda PARETSKAIA,Kazakhstan
gpchn2023SEG002OF,Judge No.5,Kevin ROSENSTEIN,USA
gpchn2023SEG002OF,Judge No.6,Massimo ORLANDINI,Italy
gpchn2023SEG002OF,Judge No.7,Yumin WANG,China
gpchn2023SEG002OF,Judge No.8,Kadi ZVIRIK,Estonia
gpchn2023SEG002OF,Judge No.9,Min Ah KIM,South Korea
gpchn2023SEG003OF,Judge No.1,Miwako ANDO,Japan
gpchn2023SEG003OF,Judge No.2,Kylie Anne YACOPETTI,Australia
gpchn2023SEG003OF,Judge No.3,Yu WANG,China
gpchn2023SEG003OF,Judge No.4,Kevin ROSENSTEIN,USA
gpchn2023SEG003OF,Judge No.5,Edward Ka-Yin CHOW,Hong Kong
gpchn2023SEG003OF,Judge No.6,Kadi ZVIRIK,Estonia
gpchn2023SEG003OF,Judge No.7,Antony GREVISSE,Belgium
gpchn2023SEG003OF,Judge No.8,Min Ah KIM,South Korea
gpchn2023SEG003OF,Judge No.9,Ron CONACHER,Canada
gpchn2023SEG004OF,Judge No.1,Miwako ANDO,Japan
gpchn2023SEG004OF,Judge No.2,Kylie Anne YACOPETTI,Australia
gpchn2023SEG004OF,Judge No.3,Yu WANG,China
gpchn2023SEG004OF,Judge No.4,Kevin ROSENSTEIN,USA
gpchn2023SEG004OF,Judge No.5,Edward Ka-Yin CHOW,Hong Kong
gpchn2023SEG004OF,Judge No.6,Kadi ZVIRIK,Estonia
gpchn2023SEG004OF,Judge No.7,Antony GREVISSE,Belgium
gpchn2023SEG004OF,Judge No.8,Min Ah KIM,South Korea
gpchn2023SEG004OF,Judge No.9,Ron CONACHER,Canada
gpf2023SEG001OF,Judge No.1,Kristina LUNDGREN,USA
gpf2023SEG001OF,Judge No.2,Anu NIINIRANTA,Finland
gpf2023SEG001OF,Judge No.3,Nicole LEBLANC-RICHARD,Canada
gpf2023SEG001OF,Judge No.4,Feng HUANG,China
gpf2023SEG001OF,Judge No.5,Francoise de RAPPARD,Belgium
gpf2023SEG001OF,Judge No.6,Allan BOEHM,Slovakia
gpf2023SEG001OF,Judge No.7,Yuko OGAWA,Japan
gpf2023SEG001OF,Judge No.8,Chihee RHEE,South Korea
gpf2023SEG001OF,Judge No.9,Philippe MERIGUET,France
gpf2023SEG002OF,Judge No.1,Kristina LUNDGREN,USA
gpf2023SEG002OF,Judge No.2,Anu NIINIRANTA,Finland
gpf2023SEG002OF,Judge No.3,Nicole LEBLANC-RICHARD,Canada
gpf2023SEG002OF,Judge No.4,Feng HUANG,China
gpf2023SEG002OF,Judge No.5,Francoise de RAPPARD,Belgium
gpf2023SEG002OF,Judge No.6,Allan BOEHM,Slovakia
gpf2023SEG002OF,Judge No.7,Yuko OGAWA,Japan
gpf2023SEG002OF,Judge No.8,Chihee RHEE,South Korea
gpf2023SEG002OF,Judge No.9,Philippe MERIGUET,France
gpf2023SEG003OF,Judge No.1,Yumin WANG,China
gpf2023SEG003OF,Judge No.2,Ritsuko HORIUCHI,Japan
gpf2023SEG003OF,Judge No.3,Salome CHIGOGIDZE,Georgia
gpf2023SEG003OF,Judge No.4,Reaghan FORTIN,Canada
gpf2023SEG003OF,Judge No.5,Chihee RHEE,South Korea
gpf2023SEG003OF,Judge No.6,Anu NIINIRANTA,Finland
gpf2023SEG003OF,Judge No.7,Allan BOEHM,Slovakia
gpf2023SEG003OF,Judge No.8,Francoise de RAPPARD,Belgium
gpf2023SEG003OF,Judge No.9,Kevin ROSENSTEIN,USA
gpf2023SEG004OF,Judge No.1,Yumin WANG,China
gpf2023SEG004OF,Judge No.2,Ritsuko HORIUCHI,Japan
gpf2023SEG004OF,Judge No.3,Salome CHIGOGIDZE,Georgia
gpf2023SEG004OF,Judge No.4,Reaghan FORTIN,Canada
gpf2023SEG004OF,Judge No.5,Chihee RHEE,South Korea
gpf2023SEG004OF,Judge No.6,Anu NIINIRANTA,Finland
gpf2023SEG004OF,Judge No.7,Allan BOEHM,Slovakia
gpf2023SEG004OF,Judge No.8,Francoise de RAPPARD,Belgium
gpf2023SEG004OF,Judge No.9,Kevin ROSENSTEIN,USA
fc2023SEG001OF,Judge No.1,Na Young AHN,South Korea
fc2023SEG001OF,Judge No.2,Jia YAO,China
fc2023SEG001OF,Judge No.3,Saodat NUMANOVA,Uzbekistan
fc2023SEG001OF,Judge No.4,Deborah CURRIE,USA
fc2023SEG001OF,Judge No.5,Masako KUBOTA,Japan
fc2023SEG001OF,Judge No.6,Lynne DEY,Canada
fc2023SEG001OF,Judge No.7,Sasha MARTINEZ,Mexico
fc2023SEG001OF,Judge No.8,Elizabeth RYAN,Australia
fc2023SEG001OF,Judge No.9,Neil GARRARD,South Africa
fc2023SEG002OF,Judge No.1,Elizabeth RYAN,Australia
fc2023SEG002OF,Judge No.2,Sasha MARTINEZ,Mexico
fc2023SEG002OF,Judge No.3,Jia YAO,China
fc2023SEG002OF,Judge No.4,Na Young AHN,South Korea
fc2023SEG002OF,Judge No.5,Deborah CURRIE,USA
fc2023SEG002OF,Judge No.6,Lynne DEY,Canada
fc2023SEG002OF,Judge No.7,Neil GARRARD,South Africa
fc2023SEG002OF,Judge No.8,Masako KUBOTA,Japan
fc2023SEG002OF,Judge No.9,Tatiana YORDANOVA,Bulgaria
fc2023SEG003OF,Judge No.1,Ko-Man TING,Taiwan
fc2023SEG003OF,Judge No.2,Nicole LEBLANC-RICHARD,Canada
fc2023SEG003OF,Judge No.3,So Young AN,South Korea
fc2023SEG003OF,Judge No.4,Susan PETRICEVIC,New Zealand
fc2023SEG003OF,Judge No.5,Laurie JOHNSON,USA
fc2023SEG003OF,Judge No.6,Almila ARIKAN SARBANOGLU,Great Britan
fc2023SEG003OF,Judge No.7,Elizabeth ALEXANDRE,Australia
fc2023SEG003OF,Judge No.8,Ritsuko HORIUCHI,Japan
fc2023SEG003OF,Judge No.9,Ariadna MORONES NEGRETE,Mexico
fc2023SEG004OF,Judge No.1,Ritsuko HORIUCHI,Japan
fc2023SEG004OF,Judge No.2,Ko-Man TING,Taiwan
fc2023SEG004OF,Judge No.3,Laurie JOHNSON,USA
fc2023SEG004OF,Judge No.4,Almila ARIKAN SARBANOGLU,Great Britan
fc2023SEG004OF,Judge No.5,Elizabeth ALEXANDRE,Australia
fc2023SEG004OF,Judge No.6,So Young AN,South Korea
fc2023SEG004OF,Judge No.7,Susan PETRICEVIC,New Zealand
fc2023SEG004OF,Judge No.8,Ariadna MORONES NEGRETE,Mexico
fc2023SEG004OF,Judge No.9,Nicole LEBLANC-RICHARD,Canada
ec2023SEG001OF,Judge No.1,Tatiana YORDANOVA,Bulgaria
ec2023SEG001OF,Judge No.2,Carmen LAUN,Germany
ec2023SEG001OF,Judge No.3,Aniela HEBEL-SZMAK,Poland
ec2023SEG001OF,Judge No.4,Allan BOEHM,Slovakia
ec2023SEG001OF,Judge No.5,Agita ABELE,Latvia
ec2023SEG001OF,Judge No.6,Ursula STAHL,Austria
ec2023SEG001OF,Judge No.7,Zanna KULIK,Estonia
ec2023SEG001OF,Judge No.8,Josip CEROVAC,Croatia
ec2023SEG001OF,Judge No.9,Ebru ANILDI,Turkey
ec2023SEG002OF,Judge No.1,Ursula STAHL,Austria
ec2023SEG002OF,Judge No.2,Raffaella LOCATELLI,Italy
ec2023SEG002OF,Judge No.3,Attila SOOS,Hungary
ec2023SEG002OF,Judge No.4,Aniela HEBEL-SZMAK,Poland
ec2023SEG002OF,Judge No.5,Lisa DAVIDSON,Great Britan
ec2023SEG002OF,Judge No.6,Marjo KANKAANRANTA,Finland
ec2023SEG002OF,Judge No.7,Agita ABELE,Latvia
ec2023SEG002OF,Judge No.8,Zanna KULIK,Estonia
ec2023SEG002OF,Judge No.9,Tatiana YORDANOVA,Bulgaria
ec2023SEG003OF,Judge No.1,Kersten BELLMANN,Germany
ec2023SEG003OF,Judge No.2,Vessela POPOVA,Bulgaria
ec2023SEG003OF,Judge No.3,Claire SHEPHERD,Great Britain
ec2023SEG003OF,Judge No.4,Francoise de RAPPARD,Belgium
ec2023SEG003OF,Judge No.5,Anna KANTOR,Israel
ec2023SEG003OF,Judge No.6,Tobias STEINDL,Austria
ec2023SEG003OF,Judge No.7,Senem AHISKAL,Turkey
ec2023SEG003OF,Judge No.8,Zsuzsanna VIKARNE-HOMOLYA,Hungary
ec2023SEG003OF,Judge No.9,Hermi OTTEMANN,Netherlands
ec2023SEG004OF,Judge No.1,Kari-Anne OLSEN,Norway
ec2023SEG004OF,Judge No.2,Kadi ZVIRIK,Estonia
ec2023SEG004OF,Judge No.3,Salome CHIGOGIDZE,Georgia
ec2023SEG004OF,Judge No.4,Vessela POPOVA,Bulgaria
ec2023SEG004OF,Judge No.5,Tobias STEINDL,Austria
ec2023SEG004OF,Judge No.6,Zsuzsanna VIKARNE-HOMOLYA,Hungary
ec2023SEG004OF,Judge No.7,Claire SHEPHERD,Great Britain
ec2023SEG004OF,Judge No.8,Anna KANTOR,Israel
ec2023SEG004OF,Judge No.9,Alice WALDER,Switzerland
wc2023data0130,Judge No.1,Elisabeth LOUESDON,France
wc2023data0130,Judge No.2,Andrea SIMANCIKOVA,Slovakia
wc2023data0130,Judge No.3,Marco BUTTARELLI,Italy
wc2023data0130,Judge No.4,Agita ABELE,Latvia
wc2023data0130,Judge No.5,Marta OLOZAGARRE,Spain
wc2023data0130,Judge No.6,Mami MAEDA,Japan
wc2023data0130,Judge No.7,Adrienn SCHADENBAUER,Austria
wc2023data0130,Judge No.8,Senem AHISKAL,Turkey
wc2023data0130,Judge No.9,Ann FINDLAY,Great Britain
wc2023data0150,Judge No.1,Senem AHISKAL,Turkey
wc2023data0150,Judge No.2,Elisabeth LOUESDON,France
wc2023data0150,Judge No.3,Mami MAEDA,Japan
wc2023data0150,Judge No.4,Kevin ROSENSTEIN,USA
wc2023data0150,Judge No.5,Ulla FAIG,Germany
wc2023data0150,Judge No.6,Marta OLOZAGARRE,Spain
wc2023data0150,Judge No.7,Andrea SIMANCIKOVA,Slovakia
wc2023data0150,Judge No.8,Na Young AHN,South Korea
wc2023data0150,Judge No.9,Adrienn SCHADENBAUER,Austria
wc2023data0230,Judge No.1,Thomas BIEGLER,Austria
wc2023data0230,Judge No.2,Ko-Man TING,Taiwan
wc2023data0230,Judge No.3,Margo PAUW,Netherlands
wc2023data0230,Judge No.4,Anna SIEROCKA,Poland
wc2023data0230,Judge No.5,Yury KLIUSHNIKOV,Azerbaijan
wc2023data0230,Judge No.6,Doug WILLIAMS,USA
wc2023data0230,Judge No.7,Kadi ZVIRIK,Estonia
wc2023data0230,Judge No.8,Tatiana YORDANOVA,Bulgaria
wc2023data0230,Judge No.9,Sung Hee KOH,South Korea
wc2023data0250,Judge No.1,Donatella LEONELLI,Switzerland
wc2023data0250,Judge No.2,Ko-Man TING,Taiwan
wc2023data0250,Judge No.3,Tatiana YORDANOVA,Bulgaria
wc2023data0250,Judge No.4,Salome CHIGOGIDZE,Georgia
wc2023data0250,Judge No.5,Breda MARINSEK,Slovenia
wc2023data0250,Judge No.6,Masako KUBOTA,Japan
wc2023data0250,Judge No.7,Kadi ZVIRIK,Estonia
wc2023data0250,Judge No.8,Doug WILLIAMS,USA
wc2023data0250,Judge No.9,Margo PAUW,Netherlands
gpusa2022SEG001OF,Judge No.1,Lorrie PARKER,USA
gpusa2022SEG001OF,Judge No.2,Zanna KULIK,Estonia
gpusa2022SEG001OF,Judge No.3,Ariadna MORONES NEGRETE,Mexico
gpusa2022SEG001OF,Judge No.4,Chihee RHEE,South Korea
gpusa2022SEG001OF,Judge No.5,Massimo ORLANDINI,Italy
gpusa2022SEG001OF,Judge No.6,Andrew BOSCO,Canada
gpusa2022SEG001OF,Judge No.7,Tineke POSNO,Netherlands
gpusa2022SEG001OF,Judge No.8,Masako KUBOTA,Japan
gpusa2022SEG001OF,Judge No.9,Patricia MORITZ,Australia
gpusa2022SEG002OF,Judge No.1,Lorrie PARKER,USA
gpusa2022SEG002OF,Judge No.2,Zanna KULIK,Estonia
gpusa2022SEG002OF,Judge No.3,Ariadna MORONES NEGRETE,Mexico
gpusa2022SEG002OF,Judge No.4,Chihee RHEE,South Korea
gpusa2022SEG002OF,Judge No.5,Massimo ORLANDINI,Italy
gpusa2022SEG002OF,Judge No.6,Andrew BOSCO,Canada
gpusa2022SEG002OF,Judge No.7,Tineke POSNO,Netherlands
gpusa2022SEG002OF,Judge No.8,Masako KUBOTA,Japan
gpusa2022SEG002OF,Judge No.9,Patricia MORITZ,Australia
gpusa2022SEG003OF,Judge No.1,Susanne SJÖQUIST,Sweden
gpusa2022SEG003OF,Judge No.2,Ariadna MORONES NEGRETE,Mexico
gpusa2022SEG003OF,Judge No.3,Laimute KRAUZIENE,Lithuania
gpusa2022SEG003OF,Judge No.4,Malgorzata SOBKOW,Poland
gpusa2022SEG003OF,Judge No.5,Kristina LUNDGREN,USA
gpusa2022SEG003OF,Judge No.6,Chihee RHEE,South Korea
gpusa2022SEG003OF,Judge No.7,Jacqueline WICKETT-WARREN,Canada
gpusa2022SEG003OF,Judge No.8,Masako KUBOTA,Japan
gpusa2022SEG003OF,Judge No.9,Tobias BAYER,Germany
gpusa2022SEG004OF,Judge No.1,Susanne SJÖQUIST,Sweden
gpusa2022SEG004OF,Judge No.2,Ariadna MORONES NEGRETE,Mexico
gpusa2022SEG004OF,Judge No.3,Laimute KRAUZIENE,Lithuania
gpusa2022SEG004OF,Judge No.4,Malgorzata SOBKOW,Poland
gpusa2022SEG004OF,Judge No.5,Kristina LUNDGREN,USA
gpusa2022SEG004OF,Judge No.6,Chihee RHEE,South Korea
gpusa2022SEG004OF,Judge No.7,Jacqueline WICKETT-WARREN,Canada
gpusa2022SEG004OF,Judge No.8,Masako KUBOTA,Japan
gpusa2022SEG004OF,Judge No.9,Tobias BAYER,Germany
gpcan2022SEG001OF,Judge No.1,Etsuko AZUMA,Japan
gpcan2022SEG001OF,Judge No.2,Saara EHALT,Finland
gpcan2022SEG001OF,Judge No.3,Wei SHI,Canada
gpcan2022SEG001OF,Judge No.4,Bettina MEIER,Switzerland
gpcan2022SEG001OF,Judge No.5,Massimo ORLANDINI,Italy
gpcan2022SEG001OF,Judge No.6,Kevin ROSENSTEIN,USA
gpcan2022SEG001OF,Judge No.7,Miroslav MISUREC,Czech Republic
gpcan2022SEG001OF,Judge No.8,Zanna KULIK,Estonia
gpcan2022SEG001OF,Judge No.9,Lorna SCHRODER,Canada
gpcan2022SEG002OF,Judge No.1,Etsuko AZUMA,Japan
gpcan2022SEG002OF,Judge No.2,Saara EHALT,Finland
gpcan2022SEG002OF,Judge No.3,Wei SHI,Canada
gpcan2022SEG002OF,Judge No.4,Bettina MEIER,Switzerland
gpcan2022SEG002OF,Judge No.5,Massimo ORLANDINI,Italy
gpcan2022SEG002OF,Judge No.6,Kevin ROSENSTEIN,USA
gpcan2022SEG002OF,Judge No.7,Miroslav MISUREC,Czech Republic
gpcan2022SEG002OF,Judge No.8,Zanna KULIK,Estonia
gpcan2022SEG002OF,Judge No.9,Lorna SCHRODER,Canada
gpcan2022SEG003OF,Judge No.1,Kyung Won SAKONG,South Korea
gpcan2022SEG003OF,Judge No.2,Kevin ROSENSTEIN,USA
gpcan2022SEG003OF,Judge No.3,Wei SHI,Canada
gpcan2022SEG003OF,Judge No.4,Zanna KULIK,Estonia
gpcan2022SEG003OF,Judge No.5,Ludwig CZOCZEK,Germany
gpcan2022SEG003OF,Judge No.6,Akiko KOBAYASHI,Japan
gpcan2022SEG003OF,Judge No.7,Veronique GOSSELIN,Canada
gpcan2022SEG003OF,Judge No.8,Saara EHALT,Finland
gpcan2022SEG003OF,Judge No.9,Frantisek BAUDYS,Czech Republic
gpcan2022SEG004OF,Judge No.1,Kyung Won SAKONG,South Korea
gpcan2022SEG004OF,Judge No.2,Kevin ROSENSTEIN,USA
gpcan2022SEG004OF,Judge No.3,Wei SHI,Canada
gpcan2022SEG004OF,Judge No.4,Zanna KULIK,Estonia
gpcan2022SEG004OF,Judge No.5,Ludwig CZOCZEK,Germany
gpcan2022SEG004OF,Judge No.6,Akiko KOBAYASHI,Japan
gpcan2022SEG004OF,Judge No.7,Veronique GOSSELIN,Canada
gpcan2022SEG004OF,Judge No.8,Saara EHALT,Finland
gpcan2022SEG004OF,Judge No.9,Frantisek BAUDYS,Czech Republic
gpfra2022SEG001OF,Judge No.1,Natalia KRUGLOVA,Ukraine
gpfra2022SEG001OF,Judge No.2,Jung Sue LEE,South Korea
gpfra2022SEG001OF,Judge No.3,Francoise de RAPPARD,Belgium
gpfra2022SEG001OF,Judge No.4,Yuriy GUSKOV,Kazakhstan
gpfra2022SEG001OF,Judge No.5,Kadi ZVIRIK,Estonia
gpfra2022SEG001OF,Judge No.6,Nobuhiko YOSHIOKA,Japan
gpfra2022SEG001OF,Judge No.7,Beth CRANE,Canada
gpfra2022SEG001OF,Judge No.8,Helene CUCUPHAT,France
gpfra2022SEG001OF,Judge No.9,Marketa HORKLOVA,Czech Republic
gpfra2022SEG002OF,Judge No.1,Natalia KRUGLOVA,Ukraine
gpfra2022SEG002OF,Judge No.2,Jung Sue LEE,South Korea
gpfra2022SEG002OF,Judge No.3,Francoise de RAPPARD,Belgium
gpfra2022SEG002OF,Judge No.4,Yuriy GUSKOV,Kazakhstan
gpfra2022SEG002OF,Judge No.5,Kadi ZVIRIK,Estonia
gpfra2022SEG002OF,Judge No.6,Nobuhiko YOSHIOKA,Japan
gpfra2022SEG002OF,Judge No.7,Beth CRANE,Canada
gpfra2022SEG002OF,Judge No.8,Helene CUCUPHAT,France
gpfra2022SEG002OF,Judge No.9,Marketa HORKLOVA,Czech Republic
gpfra2022SEG003OF,Judge No.1,Veronique VERRUE,France
gpfra2022SEG003OF,Judge No.2,Kersten BELLMANN,Germany
gpfra2022SEG003OF,Judge No.3,Greonne BOL,Netherlands
gpfra2022SEG003OF,Judge No.4,Jung Sue LEE,South Korea
gpfra2022SEG003OF,Judge No.5,Nobuhiko YOSHIOKA,Japan
gpfra2022SEG003OF,Judge No.6,Francoise de RAPPARD,Belgium
gpfra2022SEG003OF,Judge No.7,Ron CONACHER,Canada
gpfra2022SEG003OF,Judge No.8,Doug WILLIAMS,USA
gpfra2022SEG003OF,Judge No.9,Thomas BIEGLER,Austria
gpfra2022SEG004OF,Judge No.1,Veronique VERRUE,France
gpfra2022SEG004OF,Judge No.2,Kersten BELLMANN,Germany
gpfra2022SEG004OF,Judge No.3,Greonne BOL,Netherlands
gpfra2022SEG004OF,Judge No.4,Jung Sue LEE,South Korea
gpfra2022SEG004OF,Judge No.5,Nobuhiko YOSHIOKA,Japan
gpfra2022SEG004OF,Judge No.6,Francoise de RAPPARD,Belgium
gpfra2022SEG004OF,Judge No.7,Ron CONACHER,Canada
gpfra2022SEG004OF,Judge No.8,Doug WILLIAMS,USA
gpfra2022SEG004OF,Judge No.9,Thomas BIEGLER,Austria
gpjpn2022data0130,Judge No.1,Walter TOIGO,Italy
gpjpn2022data0130,Judge No.2,Na Young AHN,South Korea
gpjpn2022data0130,Judge No.3,Philippe MERIGUET,France
gpjpn2022data0130,Judge No.4,Susan MORRISS,Canada
gpjpn2022data0130,Judge No.5,Jia YAO,China
gpjpn2022data0130,Judge No.6,Tobias STEINDL,Austria
gpjpn2022data0130,Judge No.7,Mami MAEDA,Japan
gpjpn2022data0130,Judge No.8,Laimute KRAUZIENE,Lithuania
gpjpn2022data0130,Judge No.9,Deveny DECK,USA
gpjpn2022data0150,Judge No.1,Walter TOIGO,Italy
gpjpn2022data0150,Judge No.2,Na Young AHN,South Korea
gpjpn2022data0150,Judge No.3,Philippe MERIGUET,France
gpjpn2022data0150,Judge No.4,Susan MORRISS,Canada
gpjpn2022data0150,Judge No.5,Jia YAO,China
gpjpn2022data0150,Judge No.6,Tobias STEINDL,Austria
gpjpn2022data0150,Judge No.7,Mami MAEDA,Japan
gpjpn2022data0150,Judge No.8,Laimute KRAUZIENE,Lithuania
gpjpn2022data0150,Judge No.9,Deveny DECK,USA
gpjpn2022data0230,Judge No.1,Na Young AHN,South Korea
gpjpn2022data0230,Judge No.2,Jitka MOKRA,Czech Republic
gpjpn2022data0230,Judge No.3,Tobias STEINDL,Austria
gpjpn2022data0230,Judge No.4,Deveny DECK,USA
gpjpn2022data0230,Judge No.5,Mami MAEDA,Japan
gpjpn2022data0230,Judge No.6,Kylie Anne YACOPETTI,Australia
gpjpn2022data0230,Judge No.7,Sabrina WONG,Canada
gpjpn2022data0230,Judge No.8,Halina GORDON POLTORAK,Poland
gpjpn2022data0230,Judge No.9,Kadi ZVIRIK,Estonia
gpjpn2022data0250,Judge No.1,Na Young AHN,South Korea
gpjpn2022data0250,Judge No.2,Jitka MOKRA,Czech Republic
gpjpn2022data0250,Judge No.3,Tobias STEINDL,Austria
gpjpn2022data0250,Judge No.4,Deveny DECK,USA
gpjpn2022data0250,Judge No.5,Mami MAEDA,Japan
gpjpn2022data0250,Judge No.6,Kylie Anne YACOPETTI,Australia
gpjpn2022data0250,Judge No.7,Sabrina WONG,Canada
gpjpn2022data0250,Judge No.8,Halina GORDON POLTORAK,Poland
gpjpn2022data0250,Judge No.9,Kadi ZVIRIK,Estonia
gpfin2022SEG001OF,Judge No.1,Anthony LEROY,France
gpfin2022SEG001OF,Judge No.2,Karolina MATESA,Sweden
gpfin2022SEG001OF,Judge No.3,Jelena GALIMOVA,Estonia
gpfin2022SEG001OF,Judge No.4,Erica TOPOLSKI,Canada
gpfin2022SEG001OF,Judge No.5,Antony GREVISSE,Belgium
gpfin2022SEG001OF,Judge No.6,Yuko OGAWA,Japan
gpfin2022SEG001OF,Judge No.7,Anu NIINIRANTA,Finland
gpfin2022SEG001OF,Judge No.8,Yuriy GUSKOV,Kazakhstan
gpfin2022SEG001OF,Judge No.9,Todd BROMLEY,USA
gpfin2022SEG002OF,Judge No.1,Anthony LEROY,France
gpfin2022SEG002OF,Judge No.2,Karolina MATESA,Sweden
gpfin2022SEG002OF,Judge No.3,Jelena GALIMOVA,Estonia
gpfin2022SEG002OF,Judge No.4,Erica TOPOLSKI,Canada
gpfin2022SEG002OF,Judge No.5,Antony GREVISSE,Belgium
gpfin2022SEG002OF,Judge No.6,Yuko OGAWA,Japan
gpfin2022SEG002OF,Judge No.7,Anu NIINIRANTA,Finland
gpfin2022SEG002OF,Judge No.8,Yuriy GUSKOV,Kazakhstan
gpfin2022SEG002OF,Judge No.9,Todd BROMLEY,USA
gpfin2022SEG003OF,Judge No.1,Laura CARR,Canada
gpfin2022SEG003OF,Judge No.2,Marjo KANKAANRANTA,Finland
gpfin2022SEG003OF,Judge No.3,Antony GREVISSE,Belgium
gpfin2022SEG003OF,Judge No.4,Katherine Evelyn du PREEZ,Autralia
gpfin2022SEG003OF,Judge No.5,Jelena GALIMOVA,Estonia
gpfin2022SEG003OF,Judge No.6,Todd BROMLEY,USA
gpfin2022SEG003OF,Judge No.7,Yuko OGAWA,Japan
gpfin2022SEG003OF,Judge No.8,Salome CHIGOGIDZE,Georgia
gpfin2022SEG003OF,Judge No.9,Anthony LEROY,France
gpfin2022SEG004OF,Judge No.1,Laura CARR,Canada
gpfin2022SEG004OF,Judge No.2,Marjo KANKAANRANTA,Finland
gpfin2022SEG004OF,Judge No.3,Antony GREVISSE,Belgium
gpfin2022SEG004OF,Judge No.4,Katherine Evelyn du PREEZ,Autralia
gpfin2022SEG004OF,Judge No.5,Jelena GALIMOVA,Estonia
gpfin2022SEG004OF,Judge No.6,Todd BROMLEY,USA
gpfin2022SEG004OF,Judge No.7,Yuko OGAWA,Japan
gpfin2022SEG004OF,Judge No.8,Salome CHIGOGIDZE,Georgia
gpfin2022SEG004OF,Judge No.9,Anthony LEROY,France
gpf2022SEG001OF,Judge No.1,Florence VUYLSTEKER,France
gpf2022SEG001OF,Judge No.2,Tarja RISTANEN,Finland
gpf2022SEG001OF,Judge No.3,Richard KOSINA,Czech Republic
gpf2022SEG001OF,Judge No.4,Deborah CURRIE,USA
gpf2022SEG001OF,Judge No.5,Janice HUNTER,Canada
gpf2022SEG001OF,Judge No.6,Gloria MORANDI,Italy
gpf2022SEG001OF,Judge No.7,Natalia KRUGLOVA,Ukraine
gpf2022SEG001OF,Judge No.8,Ayumi ONO,Japan
gpf2022SEG001OF,Judge No.9,Matthew MILLER,Great Britain
gpf2022SEG002OF,Judge No.1,Florence VUYLSTEKER,France
gpf2022SEG002OF,Judge No.2,Tarja RISTANEN,Finland
gpf2022SEG002OF,Judge No.3,Richard KOSINA,Czech Republic
gpf2022SEG002OF,Judge No.4,Deborah CURRIE,USA
gpf2022SEG002OF,Judge No.5,Janice HUNTER,Canada
gpf2022SEG002OF,Judge No.6,Gloria MORANDI,Italy
gpf2022SEG002OF,Judge No.7,Natalia KRUGLOVA,Ukraine
gpf2022SEG002OF,Judge No.8,Ayumi ONO,Japan
gpf2022SEG002OF,Judge No.9,Matthew MILLER,Great Britain
gpf2022SEG003OF,Judge No.1,So Young AN,South Korea
gpf2022SEG003OF,Judge No.2,Hal MARRON,USA
gpf2022SEG003OF,Judge No.3,Masako KUBOTA,Japan
gpf2022SEG003OF,Judge No.4,Kerstin KIMMINUS,Germany
gpf2022SEG003OF,Judge No.5,Nicole LEBLANC-RICHARD,Canada
gpf2022SEG003OF,Judge No.6,Leah BATES,Australia
gpf2022SEG003OF,Judge No.7,Walter TOIGO,Italy
gpf2022SEG003OF,Judge No.8,Tarja RISTANEN,Finland
gpf2022SEG003OF,Judge No.9,Francoise de RAPPARD,Belgium
gpf2022SEG004OF,Judge No.1,So Young AN,South Korea
gpf2022SEG004OF,Judge No.2,Hal MARRON,USA
gpf2022SEG004OF,Judge No.3,Masako KUBOTA,Japan
gpf2022SEG004OF,Judge No.4,Kerstin KIMMINUS,Germany
gpf2022SEG004OF,Judge No.5,Nicole LEBLANC-RICHARD,Canada
gpf2022SEG004OF,Judge No.6,Leah BATES,Australia
gpf2022SEG004OF,Judge No.7,Walter TOIGO,Italy
gpf2022SEG004OF,Judge No.8,Tarja RISTANEN,Finland
gpf2022SEG004OF,Judge No.9,Francoise de RAPPARD,Belgium
fc2022SEG001OF,Judge No.1,Doug WILLIAMS,USA
fc2022SEG001OF,Judge No.2,Young Kyung HAN,South Korea
fc2022SEG001OF,Judge No.3,Tatiana SHARKINA,Russia
fc2022SEG001OF,Judge No.4,Zoia YORDANOVA,Bulgaria
fc2022SEG001OF,Judge No.5,Ritsuko HORIUCHI,Japan
fc2022SEG001OF,Judge No.6,Sasha MARTINEZ,Mexico
fc2022SEG001OF,Judge No.7,Katherine Evelyn du PREEZ,Autralia
fc2022SEG001OF,Judge No.8,Jeff LUKASIK,Canada
fc2022SEG002OF,Judge No.1,Ritsuko HORIUCHI,Japan
fc2022SEG002OF,Judge No.2,Doug WILLIAMS,USA
fc2022SEG002OF,Judge No.3,Tatiana SHARKINA,Russia
fc2022SEG002OF,Judge No.4,Zoia YORDANOVA,Bulgaria
fc2022SEG002OF,Judge No.5,Young Kyung HAN,South Korea
fc2022SEG002OF,Judge No.6,Sasha MARTINEZ,Mexico
fc2022SEG002OF,Judge No.7,Katherine Evelyn du PREEZ,Autralia
fc2022SEG002OF,Judge No.8,Jeff LUKASIK,Canada
fc2022SEG003OF,Judge No.1,Ariadna MORONES NEGRETE,Mexico
fc2022SEG003OF,Judge No.2,Beth CRANE,Canada
fc2022SEG003OF,Judge No.3,Yuriy GUSKOV,Kazakhstan
fc2022SEG003OF,Judge No.4,Ernestien BAKKER,Netherlands
fc2022SEG003OF,Judge No.5,Linda LEAVER,USA
fc2022SEG003OF,Judge No.6,Ayumi KOZUKA,Japan
fc2022SEG003OF,Judge No.7,Anastassiya MAKAROVA,Ukraine
fc2022SEG003OF,Judge No.8,Angelique CLYDE-SMITH,Australia
fc2022SEG003OF,Judge No.9,Sung Hee KOH,South Korea
fc2022SEG004OF,Judge No.1,Anastassiya MAKAROVA,Ukraine
fc2022SEG004OF,Judge No.2,Beth CRANE,Canada
fc2022SEG004OF,Judge No.3,Angelique CLYDE-SMITH,Australia
fc2022SEG004OF,Judge No.4,Ernestien BAKKER,Netherlands
fc2022SEG004OF,Judge No.5,Ayumi KOZUKA,Japan
fc2022SEG004OF,Judge No.6,Ariadna MORONES NEGRETE,Mexico
fc2022SEG004OF,Judge No.7,Sung Hee KOH,South Korea
fc2022SEG004OF,Judge No.8,Yuriy GUSKOV,Kazakhstan
fc2022SEG004OF,Judge No.9,Linda LEAVER,USA
ec2022SEG001OF,Judge No.1,Vessela POPOVA,Bulgaria
ec2022SEG001OF,Judge No.2,Ebru ANILDI,Turkey
ec2022SEG001OF,Judge No.3,Jitka MOKRA,Czech Republic
ec2022SEG001OF,Judge No.4,Mary CHAPMAN,Great Britain
ec2022SEG001OF,Judge No.5,Yury KLIUSHNIKOV,Azerbaijan
ec2022SEG001OF,Judge No.6,Tatiana SHARKINA,Russia
ec2022SEG001OF,Judge No.7,Ekaterina SEROVA,Belarus
ec2022SEG001OF,Judge No.8,Elisabeth LOUESDON,France
ec2022SEG001OF,Judge No.9,Edith SCHILLER,Austria
ec2022SEG002OF,Judge No.1,Nicole van GERWEN-MAAS,Netherlands
ec2022SEG002OF,Judge No.2,Jitka MOKRA,Czech Republic
ec2022SEG002OF,Judge No.3,Edith SCHILLER,Austria
ec2022SEG002OF,Judge No.4,Ekaterina SEROVA,Belarus
ec2022SEG002OF,Judge No.5,Yury KLIUSHNIKOV,Azerbaijan
ec2022SEG002OF,Judge No.6,Elisabeth LOUESDON,France
ec2022SEG002OF,Judge No.7,Tatiana SHARKINA,Russia
ec2022SEG002OF,Judge No.8,Vessela POPOVA,Bulgaria
ec2022SEG002OF,Judge No.9,Ebru ANILDI,Turkey
ec2022SEG003OF,Judge No.1,Antica GRUBISIC,Croatia
ec2022SEG003OF,Judge No.2,Katarina GROF MITROVIC,Serbia
ec2022SEG003OF,Judge No.3,Andreas WALDECK,Germany
ec2022SEG003OF,Judge No.4,Veronique VERRUE,France
ec2022SEG003OF,Judge No.5,Mateja AVBREHT,Slovenia
ec2022SEG003OF,Judge No.6,Kadi ZVIRIK,Estonia
ec2022SEG003OF,Judge No.7,Walter TOIGO,Italy
ec2022SEG003OF,Judge No.8,Tarja RISTANEN,Finland
ec2022SEG003OF,Judge No.9,Nadezhda FIODOROVA,Belarus
ec2022SEG004OF,Judge No.1,Veronique VERRUE,France
ec2022SEG004OF,Judge No.2,Saioa SANCHO,Spain
ec2022SEG004OF,Judge No.3,Antica GRUBISIC,Croatia
ec2022SEG004OF,Judge No.4,Tarja RISTANEN,Finland
ec2022SEG004OF,Judge No.5,Nadezhda FIODOROVA,Belarus
ec2022SEG004OF,Judge No.6,Senem AHISKAL,Turkey
ec2022SEG004OF,Judge No.7,Kadi ZVIRIK,Estonia
ec2022SEG004OF,Judge No.8,Adrienn SCHADENBAUER,Austria
ec2022SEG004OF,Judge No.9,Andreas WALDECK,Germany
wc2022SEG001OF,Judge No.1,Yuriy GUSKOV,Kazakhstan
wc2022SEG001OF,Judge No.2,Ebru ANILDI,Turkey
wc2022SEG001OF,Judge No.3,Emilie BILLOW,Sweden
wc2022SEG001OF,Judge No.4,Katharina RAUCH,Austria
wc2022SEG001OF,Judge No.5,Kadi ZVIRIK,Estonia
wc2022SEG001OF,Judge No.6,Yury KLIUSHNIKOV,Azerbaijan
wc2022SEG001OF,Judge No.7,Philippe MERIGUET,France
wc2022SEG001OF,Judge No.8,Daniela CAVELLI,Italy
wc2022SEG001OF,Judge No.9,Deborah ISLAM,Canada
wc2022SEG002OF,Judge No.1,Deborah ISLAM,Canada
wc2022SEG002OF,Judge No.2,Kadi ZVIRIK,Estonia
wc2022SEG002OF,Judge No.3,Emilie BILLOW,Sweden
wc2022SEG002OF,Judge No.4,Daniela CAVELLI,Italy
wc2022SEG002OF,Judge No.5,Ebru ANILDI,Turkey
wc2022SEG002OF,Judge No.6,Katharina RAUCH,Austria
wc2022SEG002OF,Judge No.7,Philippe MERIGUET,France
wc2022SEG002OF,Judge No.8,Yury KLIUSHNIKOV,Azerbaijan
wc2022SEG002OF,Judge No.9,Yuriy GUSKOV,Kazakhstan
wc2022SEG003OF,Judge No.1,Ko-Man TING,Taiwan
wc2022SEG003OF,Judge No.2,Karen HOWARD,Canada
wc2022SEG003OF,Judge No.3,Tiziana MORANDI,Italy
wc2022SEG003OF,Judge No.4,Laila DAVIDSSON,Sweden
wc2022SEG003OF,Judge No.5,Attila SOOS,Hungary
wc2022SEG003OF,Judge No.6,Hermi OTTEMANN,Netherlands
wc2022SEG003OF,Judge No.7,Ayumi KOZUKA,Japan
wc2022SEG003OF,Judge No.8,Pekka LESKINEN,Finland
wc2022SEG003OF,Judge No.9,Young Kyung HAN,South Korea
wc2022SEG004OF,Judge No.1,Laila DAVIDSSON,Sweden
wc2022SEG004OF,Judge No.2,Young Kyung HAN,South Korea
wc2022SEG004OF,Judge No.3,Tiziana MORANDI,Italy
wc2022SEG004OF,Judge No.4,Attila SOOS,Hungary
wc2022SEG004OF,Judge No.5,Ko-Man TING,Taiwan
wc2022SEG004OF,Judge No.6,Karin EHRHARDT,Austria
wc2022SEG004OF,Judge No.7,Ayumi KOZUKA,Japan
wc2022SEG004OF,Judge No.8,Karen HOWARD,Canada
wc2022SEG004OF,Judge No.9,Vessela POPOVA,Bulgaria
gpusa2021SEG001OF,Judge No.1,Ulla FAIG,Germany
gpusa2021SEG001OF,Judge No.2,Miroslav MISUREC,Czech Republic
gpusa2021SEG001OF,Judge No.3,Pinuccia FERRARIO,Italy
gpusa2021SEG001OF,Judge No.4,Lynne DEY,Canada
gpusa2021SEG001OF,Judge No.5,Lolita LABUNSKAIYA,Russia
gpusa2021SEG001OF,Judge No.6,Ritsuko HORIUCHI,Japan
gpusa2021SEG001OF,Judge No.7,Wendy ENZMANN,USA
gpusa2021SEG001OF,Judge No.8,Helene CUCUPHAT,France
gpusa2021SEG001OF,Judge No.9,Malgorzata SOBKOW,Poland
gpusa2021SEG002OF,Judge No.1,Ulla FAIG,Germany
gpusa2021SEG002OF,Judge No.2,Miroslav MISUREC,Czech Republic
gpusa2021SEG002OF,Judge No.3,Pinuccia FERRARIO,Italy
gpusa2021SEG002OF,Judge No.4,Lynne DEY,Canada
gpusa2021SEG002OF,Judge No.5,Lolita LABUNSKAIYA,Russia
gpusa2021SEG002OF,Judge No.6,Ritsuko HORIUCHI,Japan
gpusa2021SEG002OF,Judge No.7,Wendy ENZMANN,USA
gpusa2021SEG002OF,Judge No.8,Helene CUCUPHAT,France
gpusa2021SEG002OF,Judge No.9,Malgorzata SOBKOW,Poland
gpusa2021SEG003OF,Judge No.1,Erica TOPOLSKI,Canada
gpusa2021SEG003OF,Judge No.2,Olga KOZHEMYAKINA,Russia
gpusa2021SEG003OF,Judge No.3,David MUNOZ,Estonia
gpusa2021SEG003OF,Judge No.4,Jung Sue LEE,South Korea
gpusa2021SEG003OF,Judge No.5,Aniela HEBEL-SZMAK,Poland
gpusa2021SEG003OF,Judge No.6,Zsuzsanna VIKARNE-HOMOLYA,Hungary
gpusa2021SEG003OF,Judge No.7,Ritsuko HORIUCHI,Japan
gpusa2021SEG003OF,Judge No.8,Haya LEENARDS,Netherlands
gpusa2021SEG003OF,Judge No.9,Samuel AUXIER,USA
gpusa2021SEG004OF,Judge No.1,Erica TOPOLSKI,Canada
gpusa2021SEG004OF,Judge No.2,Olga KOZHEMYAKINA,Russia
gpusa2021SEG004OF,Judge No.3,David MUNOZ,Estonia
gpusa2021SEG004OF,Judge No.4,Jung Sue LEE,South Korea
gpusa2021SEG004OF,Judge No.5,Aniela HEBEL-SZMAK,Poland
gpusa2021SEG004OF,Judge No.6,Zsuzsanna VIKARNE-HOMOLYA,Hungary
gpusa2021SEG004OF,Judge No.7,Ritsuko HORIUCHI,Japan
gpusa2021SEG004OF,Judge No.8,Haya LEENARDS,Netherlands
gpusa2021SEG004OF,Judge No.9,Samuel AUXIER,USA
gpcan2021SEG001OF,Judge No.1,Emilie BILLOW,Sweden
gpcan2021SEG001OF,Judge No.2,Tae Ri LEE,South Korea
gpcan2021SEG001OF,Judge No.3,Saara EHALT,Finland
gpcan2021SEG001OF,Judge No.4,Tatiana SHARKINA,Russia
gpcan2021SEG001OF,Judge No.5,Yulia LEVSHUNOVA,Georgia
gpcan2021SEG001OF,Judge No.6,Daniel DELFA,Spain
gpcan2021SEG001OF,Judge No.7,Karen HOWARD,Canada
gpcan2021SEG001OF,Judge No.8,Ritsuko HORIUCHI,Japan
gpcan2021SEG001OF,Judge No.9,Kristina LUNDGREN,USA
gpcan2021SEG002OF,Judge No.1,Emilie BILLOW,Sweden
gpcan2021SEG002OF,Judge No.2,Tae Ri LEE,South Korea
gpcan2021SEG002OF,Judge No.3,Saara EHALT,Finland
gpcan2021SEG002OF,Judge No.4,Tatiana SHARKINA,Russia
gpcan2021SEG002OF,Judge No.5,Yulia LEVSHUNOVA,Georgia
gpcan2021SEG002OF,Judge No.6,Daniel DELFA,Spain
gpcan2021SEG002OF,Judge No.7,Karen HOWARD,Canada
gpcan2021SEG002OF,Judge No.8,Ritsuko HORIUCHI,Japan
gpcan2021SEG002OF,Judge No.9,Kristina LUNDGREN,USA
gpcan2021SEG003OF,Judge No.1,Emilie BILLOW,Sweden
gpcan2021SEG003OF,Judge No.2,Kristina LUNDGREN,USA
gpcan2021SEG003OF,Judge No.3,Daniel DELFA,Spain
gpcan2021SEG003OF,Judge No.4,Glenn FORTIN,Canada
gpcan2021SEG003OF,Judge No.5,Tae Ri LEE,South Korea
gpcan2021SEG003OF,Judge No.6,Saara EHALT,Finland
gpcan2021SEG003OF,Judge No.7,Wei SHI,Canada
gpcan2021SEG003OF,Judge No.8,Elena FOMINA,Russia
gpcan2021SEG003OF,Judge No.9,Ritsuko HORIUCHI,Japan
gpcan2021SEG004OF,Judge No.1,Emilie BILLOW,Sweden
gpcan2021SEG004OF,Judge No.2,Kristina LUNDGREN,USA
gpcan2021SEG004OF,Judge No.3,Daniel DELFA,Spain
gpcan2021SEG004OF,Judge No.4,Glenn FORTIN,Canada
gpcan2021SEG004OF,Judge No.5,Tae Ri LEE,South Korea
gpcan2021SEG004OF,Judge No.6,Saara EHALT,Finland
gpcan2021SEG004OF,Judge No.7,Wei SHI,Canada
gpcan2021SEG004OF,Judge No.8,Elena FOMINA,Russia
gpcan2021SEG004OF,Judge No.9,Ritsuko HORIUCHI,Japan
gpfra2021SEG001OF,Judge No.1,Agita ABELE,Latvia
gpfra2021SEG001OF,Judge No.2,Yuko OGAWA,Japan
gpfra2021SEG001OF,Judge No.3,Cynthia BENSON,Canada
gpfra2021SEG001OF,Judge No.4,Miriam PALANGE,Italy
gpfra2021SEG001OF,Judge No.5,Tanay OZKAN SILAOGLU,Turkey
gpfra2021SEG001OF,Judge No.6,Elena FOMINA,Russia
gpfra2021SEG001OF,Judge No.7,Anthony LEROY,France
gpfra2021SEG001OF,Judge No.8,Roger GLENN,USA
gpfra2021SEG001OF,Judge No.9,Daniel DELFA,Spain
gpfra2021SEG002OF,Judge No.1,Agita ABELE,Latvia
gpfra2021SEG002OF,Judge No.2,Yuko OGAWA,Japan
gpfra2021SEG002OF,Judge No.3,Cynthia BENSON,Canada
gpfra2021SEG002OF,Judge No.4,Miriam PALANGE,Italy
gpfra2021SEG002OF,Judge No.5,Tanay OZKAN SILAOGLU,Turkey
gpfra2021SEG002OF,Judge No.6,Elena FOMINA,Russia
gpfra2021SEG002OF,Judge No.7,Anthony LEROY,France
gpfra2021SEG002OF,Judge No.8,Roger GLENN,USA
gpfra2021SEG002OF,Judge No.9,Daniel DELFA,Spain
gpfra2021SEG003OF,Judge No.1,Linda LEAVER,USA
gpfra2021SEG003OF,Judge No.2,So Young AN,South Korea
gpfra2021SEG003OF,Judge No.3,Daniel DELFA,Spain
gpfra2021SEG003OF,Judge No.4,Yuko OGAWA,Japan
gpfra2021SEG003OF,Judge No.5,Laimute KRAUZIENE,Lithuania
gpfra2021SEG003OF,Judge No.6,Nicole LEBLANC-RICHARD,Canada
gpfra2021SEG003OF,Judge No.7,Yury KLIUSHNIKOV,Azerbaijan
gpfra2021SEG003OF,Judge No.8,Elena FOMINA,Russia
gpfra2021SEG003OF,Judge No.9,Elisabeth LOUESDON,France
gpfra2021SEG004OF,Judge No.1,Linda LEAVER,USA
gpfra2021SEG004OF,Judge No.2,So Young AN,South Korea
gpfra2021SEG004OF,Judge No.3,Daniel DELFA,Spain
gpfra2021SEG004OF,Judge No.4,Yuko OGAWA,Japan
gpfra2021SEG004OF,Judge No.5,Laimute KRAUZIENE,Lithuania
gpfra2021SEG004OF,Judge No.6,Nicole LEBLANC-RICHARD,Canada
gpfra2021SEG004OF,Judge No.7,Yury KLIUSHNIKOV,Azerbaijan
gpfra2021SEG004OF,Judge No.8,Elena FOMINA,Russia
gpfra2021SEG004OF,Judge No.9,Elisabeth LOUESDON,France
gpjpn2021data0130,Judge No.1,Marketa HORKLOVA,Czech Republic
gpjpn2021data0130,Judge No.2,Julia ANDREEVA,Russia
gpjpn2021data0130,Judge No.3,Walter TOIGO,Italy
gpjpn2021data0130,Judge No.4,Deborah ISLAM,Canada
gpjpn2021data0130,Judge No.5,Yoko KUNO,Japan
gpjpn2021data0130,Judge No.6,Young Kyung HAN,South Korea
gpjpn2021data0130,Judge No.7,Pernilla BOHLING,Finland
gpjpn2021data0130,Judge No.8,Deborah CURRIE,USA
gpjpn2021data0130,Judge No.9,Katarina HENRIKSSON,Sweden
gpjpn2021data0150,Judge No.1,Marketa HORKLOVA,Czech Republic
gpjpn2021data0150,Judge No.2,Julia ANDREEVA,Russia
gpjpn2021data0150,Judge No.3,Walter TOIGO,Italy
gpjpn2021data0150,Judge No.4,Deborah ISLAM,Canada
gpjpn2021data0150,Judge No.5,Yoko KUNO,Japan
gpjpn2021data0150,Judge No.6,Young Kyung HAN,South Korea
gpjpn2021data0150,Judge No.7,Pernilla BOHLING,Finland
gpjpn2021data0150,Judge No.8,Deborah CURRIE,USA
gpjpn2021data0150,Judge No.9,Katarina HENRIKSSON,Sweden
gpjpn2021data0230,Judge No.1,Janice HUNTER,Canada
gpjpn2021data0230,Judge No.2,Katarina HENRIKSSON,Sweden
gpjpn2021data0230,Judge No.3,Adrienn SCHADENBAUER,Austria
gpjpn2021data0230,Judge No.4,Deborah CURRIE,USA
gpjpn2021data0230,Judge No.5,Peter VOTH,Germany
gpjpn2021data0230,Judge No.6,Olga KOZHEMYAKINA,Russia
gpjpn2021data0230,Judge No.7,Young Kyung HAN,South Korea
gpjpn2021data0230,Judge No.8,Pernilla BOHLING,Finland
gpjpn2021data0230,Judge No.9,Ayako SHIMODE,Japan
gpjpn2021data0250,Judge No.1,Janice HUNTER,Canada
gpjpn2021data0250,Judge No.2,Katarina HENRIKSSON,Sweden
gpjpn2021data0250,Judge No.3,Adrienn SCHADENBAUER,Austria
gpjpn2021data0250,Judge No.4,Deborah CURRIE,USA
gpjpn2021data0250,Judge No.5,Peter VOTH,Germany
gpjpn2021data0250,Judge No.6,Olga KOZHEMYAKINA,Russia
gpjpn2021data0250,Judge No.7,Young Kyung HAN,South Korea
gpjpn2021data0250,Judge No.8,Pernilla BOHLING,Finland
gpjpn2021data0250,Judge No.9,Ayako SHIMODE,Japan
gprus2021SEG001OF,Judge No.1,Igor DOLGUSHIN,Russia
gprus2021SEG001OF,Judge No.2,Carmen LAUN,Germany
gprus2021SEG001OF,Judge No.3,Jitka MOKRA,Czech Republic
gprus2021SEG001OF,Judge No.4,Yulia LEVSHUNOVA,Georgia
gprus2021SEG001OF,Judge No.5,Yury KLIUSHNIKOV,Azerbaijan
gprus2021SEG001OF,Judge No.6,Kevin ROSENSTEIN,USA
gprus2021SEG001OF,Judge No.7,Attila SOOS,Hungary
gprus2021SEG001OF,Judge No.8,Marco BUTTARELLI,Italy
gprus2021SEG001OF,Judge No.9,Yuriy GUSKOV,Kazakhstan
gprus2021SEG002OF,Judge No.1,Igor DOLGUSHIN,Russia
gprus2021SEG002OF,Judge No.2,Carmen LAUN,Germany
gprus2021SEG002OF,Judge No.3,Jitka MOKRA,Czech Republic
gprus2021SEG002OF,Judge No.4,Yulia LEVSHUNOVA,Georgia
gprus2021SEG002OF,Judge No.5,Yury KLIUSHNIKOV,Azerbaijan
gprus2021SEG002OF,Judge No.6,Kevin ROSENSTEIN,USA
gprus2021SEG002OF,Judge No.7,Attila SOOS,Hungary
gprus2021SEG002OF,Judge No.8,Marco BUTTARELLI,Italy
gprus2021SEG002OF,Judge No.9,Yuriy GUSKOV,Kazakhstan
gprus2021SEG003OF,Judge No.1,Yuriy GUSKOV,Kazakhstan
gprus2021SEG003OF,Judge No.2,Yury KLIUSHNIKOV,Azerbaijan
gprus2021SEG003OF,Judge No.3,Malgorzata SOBKOW,Poland
gprus2021SEG003OF,Judge No.4,Kevin ROSENSTEIN,USA
gprus2021SEG003OF,Judge No.5,Polina YAKOBS,Russia
gprus2021SEG003OF,Judge No.6,Katharina RAUCH,Austria
gprus2021SEG003OF,Judge No.7,Massimo ORLANDINI,Italy
gprus2021SEG003OF,Judge No.8,Patty KLEIN,Canada
gprus2021SEG003OF,Judge No.9,Francoise de RAPPARD,Belgium
gprus2021SEG004OF,Judge No.1,Yuriy GUSKOV,Kazakhstan
gprus2021SEG004OF,Judge No.2,Yury KLIUSHNIKOV,Azerbaijan
gprus2021SEG004OF,Judge No.3,Malgorzata SOBKOW,Poland
gprus2021SEG004OF,Judge No.4,Kevin ROSENSTEIN,USA
gprus2021SEG004OF,Judge No.5,Polina YAKOBS,Russia
gprus2021SEG004OF,Judge No.6,Katharina RAUCH,Austria
gprus2021SEG004OF,Judge No.7,Massimo ORLANDINI,Italy
gprus2021SEG004OF,Judge No.8,Patty KLEIN,Canada
gprus2021SEG004OF,Judge No.9,Francoise de RAPPARD,Belgium
gpita2021SEG001OF,Judge No.1,Vera TAUCHMANOVA,Czech Republic
gpita2021SEG001OF,Judge No.2,Bing HAN,China
gpita2021SEG001OF,Judge No.3,Elena KHMYZENKO,Russia
gpita2021SEG001OF,Judge No.4,Chihee RHEE,South Korea
gpita2021SEG001OF,Judge No.5,Massimo ORLANDINI,Italy
gpita2021SEG001OF,Judge No.6,Agita ABELE,Latvia
gpita2021SEG001OF,Judge No.7,Angelika ULLM,Germany
gpita2021SEG001OF,Judge No.8,Miwako ANDO,Japan
gpita2021SEG001OF,Judge No.9,Peggy GRAHAM,USA
gpita2021SEG002OF,Judge No.1,Vera TAUCHMANOVA,Czech Republic
gpita2021SEG002OF,Judge No.2,Bing HAN,China
gpita2021SEG002OF,Judge No.3,Elena KHMYZENKO,Russia
gpita2021SEG002OF,Judge No.4,Chihee RHEE,South Korea
gpita2021SEG002OF,Judge No.5,Massimo ORLANDINI,Italy
gpita2021SEG002OF,Judge No.6,Agita ABELE,Latvia
gpita2021SEG002OF,Judge No.7,Angelika ULLM,Germany
gpita2021SEG002OF,Judge No.8,Miwako ANDO,Japan
gpita2021SEG002OF,Judge No.9,Peggy GRAHAM,USA
gpita2021SEG003OF,Judge No.1,Lolita LABUNSKAIYA,Russia
gpita2021SEG003OF,Judge No.2,Vera TAUCHMANOVA,Czech Republic
gpita2021SEG003OF,Judge No.3,Bing HAN,China
gpita2021SEG003OF,Judge No.4,Chihee RHEE,South Korea
gpita2021SEG003OF,Judge No.5,Angelika ULLM,Germany
gpita2021SEG003OF,Judge No.6,Ron CONACHER,Canada
gpita2021SEG003OF,Judge No.7,Miwako ANDO,Japan
gpita2021SEG003OF,Judge No.8,Virginia de AGOSTINI,Italy
gpita2021SEG003OF,Judge No.9,Antony GREVISSE,Belgium
gpita2021SEG004OF,Judge No.1,Lolita LABUNSKAIYA,Russia
gpita2021SEG004OF,Judge No.2,Vera TAUCHMANOVA,Czech Republic
gpita2021SEG004OF,Judge No.3,Bing HAN,China
gpita2021SEG004OF,Judge No.4,Chihee RHEE,South Korea
gpita2021SEG004OF,Judge No.5,Angelika ULLM,Germany
gpita2021SEG004OF,Judge No.6,Ron CONACHER,Canada
gpita2021SEG004OF,Judge No.7,Miwako ANDO,Japan
gpita2021SEG004OF,Judge No.8,Virginia de AGOSTINI,Italy
gpita2021SEG004OF,Judge No.9,Antony GREVISSE,Belgium
wc2021SEG001OF,Judge No.1,Lisa DAVIDSON,Great Britan
wc2021SEG001OF,Judge No.2,Ursula STAHL,Austria
wc2021SEG001OF,Judge No.3,Iryna MEDVEDIEVA,Ukraine
wc2021SEG001OF,Judge No.4,Pia ALHONEN,Finland
wc2021SEG001OF,Judge No.5,Salome CHIGOGIDZE,Georgia
wc2021SEG001OF,Judge No.6,Inger ANDERSSON,Sweden
wc2021SEG001OF,Judge No.7,Christiane MILES,Switzerland
wc2021SEG001OF,Judge No.8,Sviatoslav BABENKO,Russia
wc2021SEG001OF,Judge No.9,Miroslav MISUREC,Czech Republic
wc2021SEG002OF,Judge No.1,Chihee RHEE,South Korea
wc2021SEG002OF,Judge No.2,Inger ANDERSSON,Sweden
wc2021SEG002OF,Judge No.3,Kristina LUNDGREN,USA
wc2021SEG002OF,Judge No.4,Miroslav MISUREC,Czech Republic
wc2021SEG002OF,Judge No.5,Christiane MILES,Switzerland
wc2021SEG002OF,Judge No.6,Ludwig CZOCZEK,Germany
wc2021SEG002OF,Judge No.7,Salome CHIGOGIDZE,Georgia
wc2021SEG002OF,Judge No.8,Sviatoslav BABENKO,Russia
wc2021SEG002OF,Judge No.9,Lisa DAVIDSON,Great Britan
wc2021SEG003OF,Judge No.1,Lenka BOHUNICKA,Slovakia
wc2021SEG003OF,Judge No.2,Francoise de RAPPARD,Belgium
wc2021SEG003OF,Judge No.3,Peggy GRAHAM,USA
wc2021SEG003OF,Judge No.4,Elisabeth LOUESDON,France
wc2021SEG003OF,Judge No.5,Massimo ORLANDINI,Italy
wc2021SEG003OF,Judge No.6,Marketa HORKLOVA,Czech Republic
wc2021SEG003OF,Judge No.7,Katarina HENRIKSSON,Sweden
wc2021SEG003OF,Judge No.8,Elena FOMINA,Russia
wc2021SEG003OF,Judge No.9,Tineke POSNO,Netherlands
wc2021SEG004OF,Judge No.1,Dan CHEN,Hong Kong
wc2021SEG004OF,Judge No.2,Marketa HORKLOVA,Czech Republic
wc2021SEG004OF,Judge No.3,Katarina HENRIKSSON,Sweden
wc2021SEG004OF,Judge No.4,Elena FOMINA,Russia
wc2021SEG004OF,Judge No.5,Matjaz KRUSEC,Slovenia
wc2021SEG004OF,Judge No.6,Lenka BOHUNICKA,Slovakia
wc2021SEG004OF,Judge No.7,Helle LYNGBERG,Denmark
wc2021SEG004OF,Judge No.8,Peggy GRAHAM,USA
wc2021SEG004OF,Judge No.9,Tineke POSNO,Netherlands
fc2020SEG001OF,Judge No.1,Veronique GOSSELIN,Canada
fc2020SEG001OF,Judge No.2,Sasha MARTINEZ,Mexico
fc2020SEG001OF,Judge No.3,Roger GLENN,USA
fc2020SEG001OF,Judge No.4,Na Young AHN,South Korea
fc2020SEG001OF,Judge No.5,Katherine Evelyn du PREEZ,Autralia
fc2020SEG001OF,Judge No.6,Nadezhda PARETSKAIA,Kazakhstan
fc2020SEG001OF,Judge No.7,Claire SHEPHERD,Great Britain
fc2020SEG001OF,Judge No.8,Hailan JIANG,China
fc2020SEG001OF,Judge No.9,Sakae YAMAMOTO,Japan
fc2020SEG002OF,Judge No.1,Na Young AHN,South Korea
fc2020SEG002OF,Judge No.2,Nadezhda PARETSKAIA,Kazakhstan
fc2020SEG002OF,Judge No.3,Katherine Evelyn du PREEZ,Autralia
fc2020SEG002OF,Judge No.4,Sasha MARTINEZ,Mexico
fc2020SEG002OF,Judge No.5,Claire SHEPHERD,Great Britain
fc2020SEG002OF,Judge No.6,Roger GLENN,USA
fc2020SEG002OF,Judge No.7,Sakae YAMAMOTO,Japan
fc2020SEG002OF,Judge No.8,Hailan JIANG,China
fc2020SEG002OF,Judge No.9,Veronique GOSSELIN,Canada
fc2020SEG003OF,Judge No.1,Sung-Hee KOH,South Korea
fc2020SEG003OF,Judge No.2,Angelique CLYDE-SMITH,Australia
fc2020SEG003OF,Judge No.3,Todd BROMLEY,USA
fc2020SEG003OF,Judge No.4,Ayumi KOZUKA,Japan
fc2020SEG003OF,Judge No.5,Ko-Man TING,Taiwan
fc2020SEG003OF,Judge No.6,Ariadna MORONES NEGRETE,Mexico
fc2020SEG003OF,Judge No.7,Yu WANG,China
fc2020SEG003OF,Judge No.8,Yuriy GUSKOV,Kazakhstan
fc2020SEG004OF,Judge No.1,Todd BROMLEY,USA
fc2020SEG004OF,Judge No.2,Yu WANG,China
fc2020SEG004OF,Judge No.3,Ko-Man TING,Taiwan
fc2020SEG004OF,Judge No.4,Sung-Hee KOH,South Korea
fc2020SEG004OF,Judge No.5,Angelique CLYDE-SMITH,Australia
fc2020SEG004OF,Judge No.6,Ariadna MORONES NEGRETE,Mexico
fc2020SEG004OF,Judge No.7,Ayumi KOZUKA,Japan
fc2020SEG004OF,Judge No.8,Yuriy GUSKOV,Kazakhstan
ec2020SEG001OF,Judge No.1,Salome CHIGOGIDZE,Georgia
ec2020SEG001OF,Judge No.2,Ebru ANILDI,Turkey
ec2020SEG001OF,Judge No.3,Lise Rosto JENSEN,Norway
ec2020SEG001OF,Judge No.4,Agita ABELE,Latvia
ec2020SEG001OF,Judge No.5,Natalia KRUGLOVA,Ukraine
ec2020SEG001OF,Judge No.6,Kvetoslava MATEJOVA,Slovakia
ec2020SEG001OF,Judge No.7,Marta OLOZAGARRE,Spain
ec2020SEG001OF,Judge No.8,Anthony LEROY,France
ec2020SEG001OF,Judge No.9,Carmen LAUN,Germany
ec2020SEG002OF,Judge No.1,Natalia KRUGLOVA,Ukraine
ec2020SEG002OF,Judge No.2,Eva SZILAGYI,Hungary
ec2020SEG002OF,Judge No.3,Lise Rosto JENSEN,Norway
ec2020SEG002OF,Judge No.4,Marta OLOZAGARRE,Spain
ec2020SEG002OF,Judge No.5,Carmen LAUN,Germany
ec2020SEG002OF,Judge No.6,Agnieszka SWIDERSKA,Poland
ec2020SEG002OF,Judge No.7,Kvetoslava MATEJOVA,Slovakia
ec2020SEG002OF,Judge No.8,Kadi ZVIRIK,Estonia
ec2020SEG002OF,Judge No.9,Salome CHIGOGIDZE,Georgia
ec2020SEG003OF,Judge No.1,Zsuzsanna VIKARNE-HOMOLYA,Hungary
ec2020SEG003OF,Judge No.2,Margo PAUW,Netherlands
ec2020SEG003OF,Judge No.3,Allan BOEHM,Slovakia
ec2020SEG003OF,Judge No.4,Marina BESCHEA,Romania
ec2020SEG003OF,Judge No.5,Natasa SKOK,Slovenia
ec2020SEG003OF,Judge No.6,Igor FEDCHENKO,Ukraine
ec2020SEG003OF,Judge No.7,Veronique VERRUE,France
ec2020SEG003OF,Judge No.8,Magdalena RUSIECKA,Poland
ec2020SEG003OF,Judge No.9,Katarina GROF MITROVIC,Serbia
ec2020SEG004OF,Judge No.1,Laila DAVIDSSON,Sweden
ec2020SEG004OF,Judge No.2,Marina BESCHEA,Romania
ec2020SEG004OF,Judge No.3,Zsuzsanna VIKARNE-HOMOLYA,Hungary
ec2020SEG004OF,Judge No.4,Katharina HEUSINGER,Germany
ec2020SEG004OF,Judge No.5,Christine BLANC,Switzerland
ec2020SEG004OF,Judge No.6,Yury KLIUSHNIKOV,Azerbaijan
ec2020SEG004OF,Judge No.7,Allan BOEHM,Slovakia
ec2020SEG004OF,Judge No.8,Natasa SKOK,Slovenia
ec2020SEG004OF,Judge No.9,Margo PAUW,Netherlands
gpusa2019SEG001OF,Judge No.1,Marketa HORKLOVA,Czech Republic
gpusa2019SEG001OF,Judge No.2,Jia YAO,China
gpusa2019SEG001OF,Judge No.3,Igor DOLGUSHIN,Russia
gpusa2019SEG001OF,Judge No.4,Kristina LUNDGREN,USA
gpusa2019SEG001OF,Judge No.5,Akiko KOBAYASHI,Japan
gpusa2019SEG001OF,Judge No.6,Albert ZAYDMAN,Israel
gpusa2019SEG001OF,Judge No.7,Jung Yoon CHOI,South Korea
gpusa2019SEG001OF,Judge No.8,Jerome POULIN,Canada
gpusa2019SEG001OF,Judge No.9,Francis BETSCH,France
gpusa2019SEG002OF,Judge No.1,Marketa HORKLOVA,Czech Republic
gpusa2019SEG002OF,Judge No.2,Jia YAO,China
gpusa2019SEG002OF,Judge No.3,Igor DOLGUSHIN,Russia
gpusa2019SEG002OF,Judge No.4,Kristina LUNDGREN,USA
gpusa2019SEG002OF,Judge No.5,Akiko KOBAYASHI,Japan
gpusa2019SEG002OF,Judge No.6,Albert ZAYDMAN,Israel
gpusa2019SEG002OF,Judge No.7,Jung Yoon CHOI,South Korea
gpusa2019SEG002OF,Judge No.8,Jerome POULIN,Canada
gpusa2019SEG002OF,Judge No.9,Francis BETSCH,France
gpusa2019SEG003OF,Judge No.1,Wei SHI,Canada
gpusa2019SEG003OF,Judge No.2,Julia ANDREEVA,Russia
gpusa2019SEG003OF,Judge No.3,Ron CONACHER,Canada
gpusa2019SEG003OF,Judge No.4,Catherine L. TAYLOR,Australia
gpusa2019SEG003OF,Judge No.5,Yuriy GUSKOV,Kazakhstan
gpusa2019SEG003OF,Judge No.6,Marta OLOZAGARRE,Spain
gpusa2019SEG003OF,Judge No.7,Jung Yoon CHOI,South Korea
gpusa2019SEG003OF,Judge No.8,Kevin ROSENSTEIN,USA
gpusa2019SEG003OF,Judge No.9,Akiko KOBAYASHI,Japan
gpusa2019SEG004OF,Judge No.1,Wei SHI,Canada
gpusa2019SEG004OF,Judge No.2,Julia ANDREEVA,Russia
gpusa2019SEG004OF,Judge No.3,Ron CONACHER,Canada
gpusa2019SEG004OF,Judge No.4,Catherine L. TAYLOR,Australia
gpusa2019SEG004OF,Judge No.5,Yuriy GUSKOV,Kazakhstan
gpusa2019SEG004OF,Judge No.6,Marta OLOZAGARRE,Spain
gpusa2019SEG004OF,Judge No.7,Jung Yoon CHOI,South Korea
gpusa2019SEG004OF,Judge No.8,Kevin ROSENSTEIN,USA
gpusa2019SEG004OF,Judge No.9,Akiko KOBAYASHI,Japan
gpcan2019SEG001OF,Judge No.1,Lynne DEY,Canada
gpcan2019SEG001OF,Judge No.2,Raffaella LOCATELLI,Italy
gpcan2019SEG001OF,Judge No.3,David MUNOZ,Estonia
gpcan2019SEG001OF,Judge No.4,Lisa JELINEK,Australia
gpcan2019SEG001OF,Judge No.5,Stefanie SCHMID MATHEWSON,USA
gpcan2019SEG001OF,Judge No.6,Maria GRIBONOSOVA-GREBNEVA,Russia
gpcan2019SEG001OF,Judge No.7,Anja RIST,Germany
gpcan2019SEG001OF,Judge No.8,Sakae YAMAMOTO,Japan
gpcan2019SEG001OF,Judge No.9,Agita ABELE,Latvia
gpcan2019SEG002OF,Judge No.1,Lynne DEY,Canada
gpcan2019SEG002OF,Judge No.2,Raffaella LOCATELLI,Italy
gpcan2019SEG002OF,Judge No.3,David MUNOZ,Estonia
gpcan2019SEG002OF,Judge No.4,Lisa JELINEK,Australia
gpcan2019SEG002OF,Judge No.5,Stefanie SCHMID MATHEWSON,USA
gpcan2019SEG002OF,Judge No.6,Maria GRIBONOSOVA-GREBNEVA,Russia
gpcan2019SEG002OF,Judge No.7,Anja RIST,Germany
gpcan2019SEG002OF,Judge No.8,Sakae YAMAMOTO,Japan
gpcan2019SEG002OF,Judge No.9,Agita ABELE,Latvia
gpcan2019SEG003OF,Judge No.1,Agita ABELE,Latvia
gpcan2019SEG003OF,Judge No.2,Elena FOMINA,Russia
gpcan2019SEG003OF,Judge No.3,Yu WANG,China
gpcan2019SEG003OF,Judge No.4,Christiane MILES,Switzerland
gpcan2019SEG003OF,Judge No.5,Pamela CHISLETT,Canada
gpcan2019SEG003OF,Judge No.6,Laila DAVIDSSON,Sweden
gpcan2019SEG003OF,Judge No.7,Stefanie SCHMID MATHEWSON,USA
gpcan2019SEG003OF,Judge No.8,Sakae YAMAMOTO,Japan
gpcan2019SEG003OF,Judge No.9,Tae Ri LEE,South Korea
gpcan2019SEG004OF,Judge No.1,Agita ABELE,Latvia
gpcan2019SEG004OF,Judge No.2,Elena FOMINA,Russia
gpcan2019SEG004OF,Judge No.3,Yu WANG,China
gpcan2019SEG004OF,Judge No.4,Christiane MILES,Switzerland
gpcan2019SEG004OF,Judge No.5,Pamela CHISLETT,Canada
gpcan2019SEG004OF,Judge No.6,Laila DAVIDSSON,Sweden
gpcan2019SEG004OF,Judge No.7,Stefanie SCHMID MATHEWSON,USA
gpcan2019SEG004OF,Judge No.8,Sakae YAMAMOTO,Japan
gpcan2019SEG004OF,Judge No.9,Tae Ri LEE,South Korea
gpfra2019SEG001OF,Judge No.1,Salome CHIGOGIDZE,Georgia
gpfra2019SEG001OF,Judge No.2,Deveny DECK,USA
gpfra2019SEG001OF,Judge No.3,Natasa SKOK,Slovenia
gpfra2019SEG001OF,Judge No.4,Janice HUNTER,Canada
gpfra2019SEG001OF,Judge No.5,Kerstin KIMMINUS,Germany
gpfra2019SEG001OF,Judge No.6,Philippe MERIGUET,France
gpfra2019SEG001OF,Judge No.7,Alexei BELETSKI,Israel
gpfra2019SEG001OF,Judge No.8,Olga KOZHEMYAKINA,Russia
gpfra2019SEG001OF,Judge No.9,Nobuhiko YOSHIOKA,Japan
gpfra2019SEG002OF,Judge No.1,Salome CHIGOGIDZE,Georgia
gpfra2019SEG002OF,Judge No.2,Deveny DECK,USA
gpfra2019SEG002OF,Judge No.3,Natasa SKOK,Slovenia
gpfra2019SEG002OF,Judge No.4,Janice HUNTER,Canada
gpfra2019SEG002OF,Judge No.5,Kerstin KIMMINUS,Germany
gpfra2019SEG002OF,Judge No.6,Philippe MERIGUET,France
gpfra2019SEG002OF,Judge No.7,Alexei BELETSKI,Israel
gpfra2019SEG002OF,Judge No.8,Olga KOZHEMYAKINA,Russia
gpfra2019SEG002OF,Judge No.9,Nobuhiko YOSHIOKA,Japan
gpfra2019SEG003OF,Judge No.1,Karin EHRHARDT,Austria
gpfra2019SEG003OF,Judge No.2,Nobuhiko YOSHIOKA,Japan
gpfra2019SEG003OF,Judge No.3,Claudia FASSORA,Switzerland
gpfra2019SEG003OF,Judge No.4,Deveny DECK,USA
gpfra2019SEG003OF,Judge No.5,Olga KOZHEMYAKINA,Russia
gpfra2019SEG003OF,Judge No.6,Helene CUCUPHAT,France
gpfra2019SEG003OF,Judge No.7,Alexei BELETSKI,Israel
gpfra2019SEG003OF,Judge No.8,Malgorzata SOBKOW,Poland
gpfra2019SEG003OF,Judge No.9,Francoise de RAPPARD,Belgium
gpfra2019SEG004OF,Judge No.1,Karin EHRHARDT,Austria
gpfra2019SEG004OF,Judge No.2,Nobuhiko YOSHIOKA,Japan
gpfra2019SEG004OF,Judge No.3,Claudia FASSORA,Switzerland
gpfra2019SEG004OF,Judge No.4,Deveny DECK,USA
gpfra2019SEG004OF,Judge No.5,Olga KOZHEMYAKINA,Russia
gpfra2019SEG004OF,Judge No.6,Helene CUCUPHAT,France
gpfra2019SEG004OF,Judge No.7,Alexei BELETSKI,Israel
gpfra2019SEG004OF,Judge No.8,Malgorzata SOBKOW,Poland
gpfra2019SEG004OF,Judge No.9,Francoise de RAPPARD,Belgium
gpchn2019SEG001OF,Judge No.1,Dan FANG,China
gpchn2019SEG001OF,Judge No.2,Walter TOIGO,Italy
gpchn2019SEG001OF,Judge No.3,Marjo KANKAANRANTA,Finland
gpchn2019SEG001OF,Judge No.4,Tatiana SHARKINA,Russia
gpchn2019SEG001OF,Judge No.5,Melody Tan Tan YIP,Hong Kong
gpchn2019SEG001OF,Judge No.6,Cynthia BENSON,Canada
gpchn2019SEG001OF,Judge No.7,Roger GLENN,USA
gpchn2019SEG001OF,Judge No.8,Jung Sue LEE,South Korea
gpchn2019SEG001OF,Judge No.9,Tetsuo ABE,Japan
gpchn2019SEG002OF,Judge No.1,Dan FANG,China
gpchn2019SEG002OF,Judge No.2,Walter TOIGO,Italy
gpchn2019SEG002OF,Judge No.3,Marjo KANKAANRANTA,Finland
gpchn2019SEG002OF,Judge No.4,Tatiana SHARKINA,Russia
gpchn2019SEG002OF,Judge No.5,Melody Tan Tan YIP,Hong Kong
gpchn2019SEG002OF,Judge No.6,Cynthia BENSON,Canada
gpchn2019SEG002OF,Judge No.7,Roger GLENN,USA
gpchn2019SEG002OF,Judge No.8,Jung Sue LEE,South Korea
gpchn2019SEG002OF,Judge No.9,Tetsuo ABE,Japan
gpchn2019SEG003OF,Judge No.1,Hye Yong YUN,North Korea
gpchn2019SEG003OF,Judge No.2,Patricia MORITZ,Australia
gpchn2019SEG003OF,Judge No.3,Andre-Marc ALLAIN,Canada
gpchn2019SEG003OF,Judge No.4,Tomie FUKUDOME,Japan
gpchn2019SEG003OF,Judge No.5,Melody Tan Tan YIP,Hong Kong
gpchn2019SEG003OF,Judge No.6,Chihee RHEE,South Korea
gpchn2019SEG003OF,Judge No.7,Alexei BELETSKI,Israel
gpchn2019SEG003OF,Judge No.8,Elena FOMINA,Russia
gpchn2019SEG003OF,Judge No.9,Yumin WANG,China
gpchn2019SEG004OF,Judge No.1,Hye Yong YUN,North Korea
gpchn2019SEG004OF,Judge No.2,Patricia MORITZ,Australia
gpchn2019SEG004OF,Judge No.3,Andre-Marc ALLAIN,Canada
gpchn2019SEG004OF,Judge No.4,Tomie FUKUDOME,Japan
gpchn2019SEG004OF,Judge No.5,Melody Tan Tan YIP,Hong Kong
gpchn2019SEG004OF,Judge No.6,Chihee RHEE,South Korea
gpchn2019SEG004OF,Judge No.7,Alexei BELETSKI,Israel
gpchn2019SEG004OF,Judge No.8,Elena FOMINA,Russia
gpchn2019SEG004OF,Judge No.9,Yumin WANG,China
gpf2019SEG001OF,Judge No.1,Anthony LEROY,France
gpf2019SEG001OF,Judge No.2,Wei SHI,Canada
gpf2019SEG001OF,Judge No.3,Elisabeth BINDER,Austria
gpf2019SEG001OF,Judge No.4,Olga KOZHEMYAKINA,Russia
gpf2019SEG001OF,Judge No.5,Mami MAEDA,Japan
gpf2019SEG001OF,Judge No.6,Walter TOIGO,Italy
gpf2019SEG001OF,Judge No.7,Wendy ENZMANN,USA
gpf2019SEG001OF,Judge No.8,Salome CHIGOGIDZE,Georgia
gpf2019SEG001OF,Judge No.9,Deborah ISLAM,Canada
gpf2019SEG002OF,Judge No.1,Anthony LEROY,France
gpf2019SEG002OF,Judge No.2,Wei SHI,Canada
gpf2019SEG002OF,Judge No.3,Elisabeth BINDER,Austria
gpf2019SEG002OF,Judge No.4,Olga KOZHEMYAKINA,Russia
gpf2019SEG002OF,Judge No.5,Mami MAEDA,Japan
gpf2019SEG002OF,Judge No.6,Walter TOIGO,Italy
gpf2019SEG002OF,Judge No.7,Wendy ENZMANN,USA
gpf2019SEG002OF,Judge No.8,Salome CHIGOGIDZE,Georgia
gpf2019SEG002OF,Judge No.9,Deborah ISLAM,Canada
gpf2019SEG003OF,Judge No.1,Tomie FUKUDOME,Japan
gpf2019SEG003OF,Judge No.2,Chihee RHEE,South Korea
gpf2019SEG003OF,Judge No.3,Marta OLOZAGARRE,Spain
gpf2019SEG003OF,Judge No.4,Peter VOTH,Germany
gpf2019SEG003OF,Judge No.5,Deborah ISLAM,Canada
gpf2019SEG003OF,Judge No.6,Anthony LEROY,France
gpf2019SEG003OF,Judge No.7,Peggy GRAHAM,USA
gpf2019SEG003OF,Judge No.8,Marco BUTTARELLI,Italy
gpf2019SEG003OF,Judge No.9,Elena FOMINA,Russia
gpf2019SEG004OF,Judge No.1,Tomie FUKUDOME,Japan
gpf2019SEG004OF,Judge No.2,Chihee RHEE,South Korea
gpf2019SEG004OF,Judge No.3,Marta OLOZAGARRE,Spain
gpf2019SEG004OF,Judge No.4,Peter VOTH,Germany
gpf2019SEG004OF,Judge No.5,Deborah ISLAM,Canada
gpf2019SEG004OF,Judge No.6,Anthony LEROY,France
gpf2019SEG004OF,Judge No.7,Peggy GRAHAM,USA
gpf2019SEG004OF,Judge No.8,Marco BUTTARELLI,Italy
gpf2019SEG004OF,Judge No.9,Elena FOMINA,Russia
gprus2019SEG001OF,Judge No.1,Irina KOMARNICKA,Latvia
gprus2019SEG001OF,Judge No.2,Donatella LEONELLI,Switzerland
gprus2019SEG001OF,Judge No.3,Veronique GOSSELIN,Canada
gprus2019SEG001OF,Judge No.4,Todd BROMLEY,USA
gprus2019SEG001OF,Judge No.5,Maria GRIBONOSOVA-GREBNEVA,Russia
gprus2019SEG001OF,Judge No.6,Helene CUCUPHAT,France
gprus2019SEG001OF,Judge No.7,Yury KLIUSHNIKOV,Azerbaijan
gprus2019SEG001OF,Judge No.8,Salome CHIGOGIDZE,Georgia
gprus2019SEG001OF,Judge No.9,Miwako ANDO,Japan
gprus2019SEG002OF,Judge No.1,Irina KOMARNICKA,Latvia
gprus2019SEG002OF,Judge No.2,Donatella LEONELLI,Switzerland
gprus2019SEG002OF,Judge No.3,Veronique GOSSELIN,Canada
gprus2019SEG002OF,Judge No.4,Todd BROMLEY,USA
gprus2019SEG002OF,Judge No.5,Maria GRIBONOSOVA-GREBNEVA,Russia
gprus2019SEG002OF,Judge No.6,Helene CUCUPHAT,France
gprus2019SEG002OF,Judge No.7,Yury KLIUSHNIKOV,Azerbaijan
gprus2019SEG002OF,Judge No.8,Salome CHIGOGIDZE,Georgia
gprus2019SEG002OF,Judge No.9,Miwako ANDO,Japan
gprus2019SEG003OF,Judge No.1,Elisabeth BINDER,Austria
gprus2019SEG003OF,Judge No.2,Antony GREVISSE,Belgium
gprus2019SEG003OF,Judge No.3,Rui ZHAO,China
gprus2019SEG003OF,Judge No.4,Todd BROMLEY,USA
gprus2019SEG003OF,Judge No.5,Miwako ANDO,Japan
gprus2019SEG003OF,Judge No.6,Helene CUCUPHAT,France
gprus2019SEG003OF,Judge No.7,Sviatoslav BABENKO,Russia
gprus2019SEG003OF,Judge No.8,Yury KLIUSHNIKOV,Azerbaijan
gprus2019SEG003OF,Judge No.9,Donatella LEONELLI,Switzerland
gprus2019SEG004OF,Judge No.1,Elisabeth BINDER,Austria
gprus2019SEG004OF,Judge No.2,Antony GREVISSE,Belgium
gprus2019SEG004OF,Judge No.3,Rui ZHAO,China
gprus2019SEG004OF,Judge No.4,Todd BROMLEY,USA
gprus2019SEG004OF,Judge No.5,Miwako ANDO,Japan
gprus2019SEG004OF,Judge No.6,Helene CUCUPHAT,France
gprus2019SEG004OF,Judge No.7,Sviatoslav BABENKO,Russia
gprus2019SEG004OF,Judge No.8,Yury KLIUSHNIKOV,Azerbaijan
gprus2019SEG004OF,Judge No.9,Donatella LEONELLI,Switzerland
